اَترس,1,
اَدرك,,1
اُورنگ,1,
اباذر,1,
ابالفضل,1,
ابتسام,,1
ابتين,1,
ابراهيم,1,
ابوالحسن,1,
ابوالحسين,1,
ابوالعباس,1,
ابوالفتح,1,
ابوالفرج,1,
ابوالفضل,1,
ابوالقاسم,1,
ابوبكر,1,
ابوذر,1,
ابوريحان,1,
ابوطالب,1,
ابوعزيز,1,
ابومسلم,1,
اپرويز,1,
اتبك,1,
اترك,1,
اترين,1,
احتشام,1,
احد,1,
احسان,1,1
احسان الله,1,
احلام,,1
احمد,1,
احمدرضا,1,
اختر,,1
اخگر,,1
ادريس,1,
ادنا,1,
اديب,1,
اذرخش,1,
اراد,1,
اران,1,
ارانوس,,1
ارتاش,,1
ارتين,1,
ارج,1,
ارجمند,1,
اردشام,1,
اردشير,1,
اردلان,1,
ارزنده,,1
ارزين,1,
ارزينه,,1
ارژن,1,
ارژنگ,1,
ارس,1,
ارسا,,1
ارسام,1,
ارسان,,1
ارسطو,1,
ارسلان,1,
ارسمان,1,
ارسن,1,
ارسيا,1,
ارسيما,1,
ارش,1,
ارشا,1,1
ارشاد,1,
ارشاسب,1,
ارشاك,1,
ارشك,1,
ارشيا,1,1
ارشين,,1
ارغنون,,1
ارغوان,,1
ارغون,1,1
ارفش,1,
اركيده,,1
اركين,1,
ارم,1,1
ارمان,1,
ارمغان,,1
ارميا,1,
ارميتا,,1
ارميس,1,
ارمين,1,
ارناز,,1
ارنواز,,1
ارنوش,1,
اروس,,1
اروشا,,1
اروشه,,1
ارون,,1
اروند,1,
اروين,1,1
اريا,1,
ارياسب,1,
اريامن,1,
اريحا,,1
اريديس,,1
اريس,1,
اريكا,,1
ارين,,1
ارينا,,1
ازدر,1,
اسامه,1,
اسپاد,1,
اسپانتا,,1
اسپنتا,,1
اسپنتمان,1,
اسپندياد,1,
اسپنديار,1,
اسپنوي,,1
اسپهبُد,1,
اسپيتامن,1,
اسپيتمن,1,
استاسيس,1,
استر,,1
استرا,1,
اسحاق,1,
اسحق,1,
اسد,1,
اسدالدين,1,
اسدالله,1,
اسرا,,1
اسرافيل,1,
اسرين,,1
اسعد,1,
اسفار,1,
اسفند دخت,,1
اسفنديار,1,
اسكندر,1,
اسلام,1,
اسما,,1
اسماء,,1
اسماعيل,1,
اسمعيل,1,
اسنا,,1
اشا,1,
اشااوني,,1
اشاداد,1,
اشتاد,1,
اشتار,,1
اشراق,1,
اشرس,1,
اشرف,1,1
اشرف الدين,1,
اشعيا,1,
اشك,,1
اشك ناز,1,
اشكان,1,
اشكبوس,1,
اشكش,1,
اشلي,,1
اشناس,1,
اشو,1,
اشوچهر,,1
اشودخت,,1
اشوروي,,1
اشوزاد,,1
اشوفْرَوَهَر,1,
اشومنش,1,
اشومهر,,1
اشير,1,
اصغر,1,
اصلان,1,
اصيل الدين,1,
اصيلا,,1
اطلس,,1
اطلسي,,1
اطهر,,1
اعتبارعلي,1,
اعتماد,1,
اعظم,,1
اعلا,1,
اغريرث,1,
افتخارالدين,1,
افرا,,1
افراسياب,1,
افرود,1,
افروز,,1
افروغ,1,1
افريدون,1,
افرينا,,1
افسار,,1
افسانه,,1
افسر,,1
افسرخاتون,,1
افسردخت,,1
افسون,,1
افشار,1,
افشان,,1
افشيد,,1
افشين,1,1
افضل,1,
افضل الدين,1,
افق,,1
افلاطون,1,
اقاقي,,1
اقاقيا,1,1
اقبال,1,1
اقبال علي,1,
اقدس,,1
اقشين,1,
اقليما,,1
اقليميا,,1
اكبر,1,
اكتاي,1,
اكدش,1,
اكرم,,1
اكليا,1,
اكليل,,1
الارا,,1
الاهه,,1
البتگين,1,
البرز,1,
الچين,1,
الحان,,1
الدنيز,1,
السا,,1
الشن,1,
الكا,,1
الكوس,1,
الله نظر,,1
اللهيار,1,
الما,,1
الماس,1,1
الماس خاتون,,1
الميرا,,1
المينا,,1
النا,,1
الناز,,1
الوا,1,1
الوند,1,
الهام,,1
الهه,,1
اليا,1,1
الياد,1,
اليار,1,
الياس,1,
اليان,1,
اليزه,,1
اليسا,,1
اليكا,,1
اليما,,1
الين,,1
الينا,,1
ام البنين,,1
امام قلي,1,
امان,1,
امان الله,1,
اماندا,,1
امانه,,1
امرسان,1,
امل,,1
اميتيس,,1
اميد,1,
اميدوار,1,
اميده,,1
امير,1,
امير ارسلان,1,
اميرا,,1
اميرپارسا,1,
اميرحافظ,1,
اميرحسين,1,
اميردخت,,1
اميررضا,1,
اميرطاها,1,
اميرعباس,1,
اميرعلي,1,
اميركسري,1,
اميرمحمد,1,
اميرمهدي,1,
اميرنظام,1,
اميره,,1
اميل,,1
اميله,,1
امين,1,
امين الدين,1,
امين الله,1,
امين دخت,,1
امينا,1,1
امينه,,1
انار,,1
انارام,,1
انارگل,,1
اندريمان,1,
اندمان,1,
اندي,1,
انديان,1,
انديشه,,1
انسيه,,1
انگاره,,1
انگبين,,1
انگيزه,,1
انوش,1,1
انوش زاد,1,
انوشا,,1
انوشتكين,1,
انوشروان,1,
انوشك,,1
انوشكا,,1
انوشكزاد,,1
انوشه,,1
انوشه دخت,,1
انوشه روان,,1
انوشيروان,1,
انيبا,,1
انيتا,,1
انيران,,1
انيس,,1
انيسا,,1
انيسون,,1
انيسه,,1
اوات,1,
اوتانا,1,
اوحد,1,
اوحدالدين,1,
اوراشي,,1
اورامان,1,1
اوران,,1
اورانوس,,1
اورمزد,1,
اورمزديار,1,
اورند,1,
اورنينا,,1
اوريا,1,
اورياد,1,
اوريسا,,1
اورينا,,1
اوس,1,
اوستا,1,
اوستانَه,1,
اوشَه,1,
اوشهنگ,1,
اوشيدر,1,
اوكتاي,1,
اولاد,1,
اولدوز,,1
اويتا,,1
اويس,1,
اويسا,,1
اوين,1,1
اوينار,,1
اهرن,1,
اهورا,1,
اهورا مزدا,1,
اهوراداد,1,
اهورامزد,1,
اياز,1,
ايبك,1,
ايپك,,1
ايتكين,1,
ايثار,1,
ايدا,,1
ايدون,1,
ايده,,1
ايران,,1
ايران پناه,1,
ايران ناز,,1
ايرانا,,1
ايرانبانو,,1
ايرانپور,1,
ايراندخت,,1
ايرانشاه,1,
ايرانشيد,,1
ايرانمهر,1,1
ايرانه,,1
ايرج,1,
ايرسا,,1
ايرن,,1
ايريك,1,
ايزد,1,
ايزد پناه,1,
ايزدبد,1,
ايزدچهر,,1
ايزدداد,1,
ايزدگشسپ,1,
ايزديار,1,
ايسَدواستَر,1,
ايساتيس,1,1
ايسيه,,1
ايشا,1,
ايشتار,,1
ايلا,1,
ايلار,,1
ايلانا,,1
ايلدرم,1,
ايلديريم,1,
ايلقار,1,1
ايلكين,1,
ايلگار,1,
ايلماز,1,
ايلناز,,1
ايليا,1,
ايليار,1,
ايلياس,1,
ايليكا,,1
ايليم,,1
ايما,,1
ايمان,1,
ايمنه,,1
ايناز,,1
ايناس,,1
ايواز,,1
ايوان,,1
ايوب,1,
ائلمان,1,
ائيريا,1,
آباد,1,
آبادان,1,
آباديس,1,
آباريس,1,
آباقا,1,
آباگران,1,
آبان,1,
آبان آسا,,1
آبان دخت,,1
آبان ديس,,1
آبان زاد,1,
آبان سا,,1
آبان سار,1,1
آبان فام,,1
آبان مهر,,1
آبان ياد,1,
آبانداد,1,1
آبانك,,1
آبانه,,1
آبتاب,,1
آبتين,1,
آبد,1,
آبدست,1,
آبدوس,1,
آبديس,,1
آبدين,1,
آبرام,1,
آبراهام,1,
آبرخ,,1
آبرلي,1,
آبرنگ,,1
آبرو,1,
آبرود,,1
آبروشن,,1
آبرون,,1
آبسال,1,1
آبسالان,,1
آبستا,1,
آبش,1,
آبشار,,1
آبشن,,1
آبكار,1,
آبگل,,1
آبگون,,1
آبگين,1,1
آبگينه,,1
آبلاتكا,1,
آبلوج,,1
آبناز,,1
آبنوس,,1
آبنوش,,1
آبو,1,
آبي,1,
آبيار,1,
آبيژ,,1
آپادا,1,
آپاداش,1,
آپاديپا,,1
آپاساي,1,
آپام,,1
آپاما,,1
آپامنه,,1
آپامه,,1
آپگيا,,1
آپگيتي,,1
آپنيتا,1,
آپيشن,,1
آتا,1,
آتاباللي,1,
آتاباي,1,
آتابيك,1,
آتابيگ,1,
آتاقليچ,1,
آتاگلدي,1,
آتامكين,1,
آتان,1,
آتاناز,,1
آتبين,1,1
آتجان,1,
آتر,,1
آترا,,1
آترابان,1,
آتربان,1,
آتردين,1,
آتروان,1,
آتروپات,1,
آترون,1,
آتري,,1
آتريسا,,1
آترين,1,1
آترينا,,1
آترينه,1,
آتسا,,1
آتسز,1,
آتش,1,1
آتش برزين,1,
آتش پا,1,
آتشبان,1,
آتشبند,1,1
آتشپاره,,1
آتشدخت,,1
آتشرخ,1,1
آتشزاد,1,
آتشفام,,1
آتشك,,1
آتشكار,1,
آتشگون,,1
آتشه,,1
آتشي,,1
آتشيزه,,1
آتشين,,1
آتلاز,,1
آتمش,1,
آتنا,,1
آتنايا,,1
آتنه,,1
آتور,,1
آتورپات,1,
آتورينا,,1
آتوسا,,1
آتوشه,,1
آتيال,1,
آتيتي,1,
آتيجي,1,
آتيس,,1
آتيلا,1,
آتين,1,
آتيه,,1
آثويه,1,
آجير,1,
آچيق,1,1
آچيم,1,
آخش,1,
آخشيج,1,
آدُر,1,
آدُرباد,1,
آدا,,1
آداد,1,
آدارايل,1,
آداش,1,
آدان,1,
آدبهاوا,1,
آدخ,1,
آدخت,,1
آدريان,1,
آدريانوس,1,
آدرين,1,
آدلي,1,
آدم,1,
آدنا,,1
آدنيس,,1
آدورا,1,
آدورينا,,1
آدونيس,,1
آدهاوا,1,
آدي,1,
آديش,1,
آديشه,,1
آديگوزل,1,
آدين,1,
آدينگ,1,
آدينه,1,1
آذار,,1
آذر,,1
آذر بُرزين,1,
آذرافروز,1,1
آذرافزا,1,1
آذران,1,
آذراوغلي,1,
آذرآباد,1,1
آذرآيين,1,
آذربُد,1,
آذربابا,1,
آذرباد,1,
آذربان,1,
آذربانو,,1
آذربو,,1
آذربود,1,
آذربويه,,1
آذربه,1,
آذربهرام,1,
آذرپَژوه,1,
آذرپاد,1,
آذرپناه,1,
آذرپي,1,
آذرتاش,1,
آذرتوس,1,
آذرجوش,1,
آذرجهان,,1
آذرچهر,1,1
آذرخاتون,,1
آذرخش,1,1
آذرداد,1,
آذردخت,,1
آذرديس,1,1
آذررخ,1,1
آذرشب,1,
آذرشسب,1,
آذرشست,1,1
آذرشن,1,
آذرطوس,1,
آذرفر,1,
آذرفرنبغ,1,
آذرفروز,1,1
آذرفزا,1,1
آذرك,,1
آذركار,1,
آذركيش,1,
آذركيوان,1,
آذرگشسب,1,
آذرگشسپ,1,
آذرگل,,1
آذرگون,,1
آذرماه,,1
آذرماهان,1,
آذرمه,,1
آذرمهر,1,1
آذرمهربرزين,1,
آذرميدخت,,1
آذرمينا,,1
آذرنرسي,1,
آذرنگ,1,
آذرنوش,1,1
آذروان,1,
آذرهمايون,,1
آذرين,1,1
آذريون,,1
آذين,1,1
آذين دخت,,1
آذين فر,1,
آذين گل,,1
آرا,,1
آراج,1,
آراد,1,
آرارات,1,
آراز,1,
آرازش,1,
آراس,1,
آراسته,1,1
آراستي,1,1
آراشيد,1,1
آراگل,,1
آراليا,,1
آرام,1,1
آرام دخت,,1
آرام دل,,1
آرامش,,1
آرامه,,1
آراميس,,1
آران,1,
آرايه,,1
آرپان,1,
آرتا,1,1
آرتاباز,1,
آرتابان,1,
آرتاپارت,1,
آرتادخت,,1
آرتان,1,
آرتمن,1,
آرتميس,1,1
آرتنوس,,1
آرتوان,1,
آرتونيس,,1
آرته دخت,,1
آرتيستون,,1
آرتيمان,1,
آرتيميس,,1
آرتين,1,
آرتينا,,1
آرخا,1,
آردا,1,
آردين,1,
آرزو,,1
آرژان,1,1
آرسام,1,
آرسان,1,
آرسن,1,
آرسين,1,
آرسينه,,1
آرش,1,
آرشا,1,
آرشاك,1,
آرشام,1,
آرشامه,1,
آرشان,1,
آرشاوير,1,
آرشيدا,,1
آرشين,,1
آركا,1,
آرگون,,1
آرمان,1,
آرمانا,,1
آرمتي,,1
آرمناك,1,
آرمه,,1
آرميا,1,
آرميتا,,1
آرميتان,,1
آرميتي,,1
آرميدخت,,1
آرميس,,1
آرميلا,,1
آرمين,1,
آرمينا,,1
آرميندخت,,1
آرمينه,,1
آرميني,1,
آرنا,1,
آرنوش,,1
آرنوشا,,1
آرنيكا,,1
آروا,,1
آروشا,1,1
آروكو,1,
آرويج,1,
آرويشه,,1
آروين,1,
آري,1,
آريا,1,
آرياباد,1,
آريابان,1,
آريابد,1,
آريابرز,1,
آريادخت,,1
آرياراد,1,
آريارامنه,1,
آريارمن,1,
آرياز,1,
آرياسب,1,
آريافر,1,
آرياك,1,
آرياگيو,1,
آريامن,1,
آريامنش,1,
آريامهر,1,
آريان,1,1
آريانا,1,1
آرياناز,,1
آريانوش,,1
آريتما,1,
آريز,1,
آريژه,,1
آريس,1,
آريسا,,1
آريسان,,1
آريستا,1,1
آريسته,1,
آريشيدا,,1
آرين,1,
آرينا,,1
آريندخت,,1
آريو,1,
آريوبَرزَن,1,
آريوبرزن,1,
آريوبرزين,1,
آريوداد,1,
آريوراد,1,
آريه,1,
آزا,1,
آزاد,1,
آزاد منش,1,
آزادبه,1,
آزادچهر,,1
آزاددخت,,1
آزادسرو,1,
آزادفروز,1,
آزادمهر,1,
آزاده,,1
آزاده خوي,,1
آزاله,,1
آزاليا,,1
آزر,1,
آزران,1,
آزرم,,1
آزرم خاتون,,1
آزرمدخت,,1
آزرمگان,1,
آزرميدخت,,1
آزيتا,,1
آزين,,1
آژمان,1,
آژند,1,1
آژنگ,1,
آسا,1,1
آسادخت,,1
آساره,,1
آسام,1,
آسانا,,1
آسايش,1,
آسپاداس,1,
آسپيان,1,
آستياژ,1,
آستياك,1,
آسدين,1,
آسكي,,1
آسمان,,1
آسمانهور,,1
آسنا,,1
آسنات,,1
آسو,1,1
آسودا,,1
آسوده,,1
آسيا,,1
آسيدات,1,
آسيداد,1,
آسيمن,,1
آسيه,,1
آشتي,,1
آشر,1,
آشنا,,1
آشوب,,1
آشور,1,
آشورينا,,1
آشيان,,1
آشينا,1,
آصف,1,
آصفه,,1
آطوسا,,1
آغابانو,,1
آفاق,,1
آفت,,1
آفتاب,,1
آفتابدخت,,1
آفريدون,1,
آفريده,,1
آفرين,,1
آفرين گل,,1
آفرين ماه,,1
آفرين مهر,,1
آفرين ناز,,1
آفرين نوش,,1
آفريندخت,,1
آفسانه,,1
آفشيد,,1
آق بانو,,1
آق گل,,1
آقاجان,1,
آقاگل,1,
آقامير,1,
آكام,1,
آكو,1,
آگا,1,
آگاهدخت,,1
آگرين,,1
آلا,1,1
آلاء,,1
آلاگل,,1
آلاله,,1
آلان قوا,,1
آلان گوا,,1
آلاوه,,1
آلب,1,
آلب ارسلان,1,
آلب تكين,1,
آلبا,,1
آلپ ارسلان,1,
آلپ تكين,1,
آلتناي,,1
آلتون,,1
آلتونتاش,1,
آلتين,,1
آلتين گلين,,1
آلكا,1,1
آلما,,1
آلماز,,1
آلماگل,1,1
آلند,,1
آلنوش,,1
آلوگونه,,1
آليا,1,
آليس,,1
آليسا,,1
آليش,,1
آليشان,1,1
آماتيس,,1
آماستريس,,1
آمال,,1
آمانج,1,
آماندا,1,
آماندانا,,1
آمتيس,,1
آمستريس,,1
آمنه,,1
آمنيد,1,
آموتيا,,1
آموي,1,
آميتريس,,1
آميتيدا,,1
آميتيس,,1
آمين,1,1
آن,,1
آنا,,1
آناشيد,,1
آناگ,1,
آنالي,,1
آناهيتا,,1
آناهيد,,1
آنتيگون,1,
آنديا,,1
آنسه,,1
آنو,,1
آنوش,,1
آنوشا,,1
آنوشه,1,
آنيا,,1
آنيتا,,1
آنيس,,1
آنيسا,1,1
آنيل,1,
آوا,,1
آوات,,1
آوادان,,1
آوادخت,,1
آواديس,1,1
آوازه,,1
آوام,,1
آوانوش,,1
آوشن,,1
آوگان,1,
آون,,1
آونگ,1,1
آوه,1,
آويد,1,1
آويده,,1
آوير,1,
آويز,1,1
آويزند,,1
آويزه,,1
آويژه,1,1
آويسا,,1
آويشن,,1
آويشه,,1
آوين,,1
آوينا,,1
آهار,,1
آهنگ,,1
آهو,,1
آهيد,,1
آهير,1,
آهيل,1,
آهين,1,
آي,,1
آي اوز,,1
آي بك,1,
آي بي بي,,1
آي پارا,,1
آي پري,,1
آي تركي ماه,,1
آي خانم,,1
آي سودا,,1
آي نشان,,1
آيا تاي,,1
آيت,1,
آيت الله,1,
آيتا,,1
آيتاش,1,
آيتاي,,1
آيتغمش,1,
آيتك,,1
آيتكين,1,
آيتن,,1
آيتونا,1,
آيجان,,1
آيخان,1,
آيدا,,1
آيدان,,1
آيدك,,1
آيدن,,1
آيدنگ,,1
آيدين,1,
آيريك,1,
آيرين,,1
آيسا,,1
آيسان,,1
آيسل,,1
آيقان,1,
آيكان,1,
آيگل,,1
آيگوزل,,1
آيگين,,1
آيلا,1,1
آيلار,,1
آيلما,,1
آيلي,,1
آيلين,,1
آيما,,1
آين,1,1
آينا,,1
آيناز,,1
آينور,,1
آيه,,1
آيهان,1,
آييژ,,1
آيين,1,1
آيين گشسب,1,
آئيل,1,
بَخشا,1,
بَدخشان,1,
بَرَسم,1,
بَرِشنوم,1,
بَرازمان,1,
بَرديا,1,
بَرسام,1,
بَرمك,1,
بَگاداد,1,
بَگاش,1,
بَهاوند,1,
بَهرامشاه,1,
بُرزو,1,
بُرزويه,1,
بُزرگمهر,1,
بُندار,1,
بُنشاد,1,
بِهراد,1,
بِهروز,1,
بِهمرد,1,
بابا,1,
بابان,,1
بابر,1,
بابك,1,
بابوس,,1
بابوي,1,
بابيك,1,
بابيلان,,1
باپوك,1,
باپير,1,
باپيو,,1
باتوف,,1
باتيس,1,
باتينك,,1
باتينوك,,1
بادام,,1
بادامك,,1
بادان,1,
بادر,,1
بادرام,1,
بادليس,1,
بادينان,1,
باذان,1,
باراد,1,
باران,1,1
باربُد,1,
بارزان,1,1
بارسين,1,
بارش,1,1
بارشين,1,
بارلي,,1
بارمان,1,
بارنك,,1
بارنگ,,1
باروشه,,1
باريز,,1
باريزان,,1
باريسان,1,
باريكان,1,
بارين,,1
بازان,,1
بازبان,1,
بازنه,,1
بازو,,1
بازور,,1
بازيار,1,
بازيان,1,
باژار,1,
باژوران,,1
باژه,1,
باژير,,1
باسام,1,
باستان,1,
باستيان,,1
باستينگ,,1
باسكار,,1
باسكان,1,
باشار,1,
باشن,,1
باشو,1,
باشوان,1,
باشور,1,
باشوك,1,
باشيلا,,1
باغان,,1
باغبان,1,
بافرين,,1
باقر,1,
باكوت,,1
باكور,1,
باگه,1,
بالا,1,
بالاچ,1,
بالبان,1,
بالك,1,
بالنده,1,1
بالوي,1,
بالويز,1,
باليده,,1
بالين,,1
بامداد,1,
بامشاد,1,
بامك,,1
بامگاه,1,
بامي,,1
باميك,,1
بامين,,1
بانگ,1,
بانو,,1
بانواز,,1
بانوگشسب,,1
باني,1,
بانيپال,1,
باوا,1,
باوان,,1
باور,1,1
باوشين,,1
باوند,,1
باوين,,1
باهرام,1,
باهك,1,
باهنر,1,
باهوز,1,
باهيف,1,
بايا,1,
بايتگين,1,
بايخ,,1
بايرام,1,
بايزيد,1,
بايف,1,
بايگان,1,
ببك,1,
بتام,1,
بتاو,1,
بتسابه,,1
بتمان,,1
بتول,,1
بتين,,1
بثريك,1,
بجرگ,1,
بچكول,,1
بحيرا,1,
بخت آفريد,,1
بخت آفرين,1,
بختوان,,1
بختور,,1
بختيار,1,
بختياري,1,
بخش علي,1,
بخشان,1,
بخشين,,1
بخشينر,1,
بدرالدين,1,
بدره,1,
بدري,,1
بدن گل,,1
بديع الزمان,1,
برات,1,
براخاس,1,
براخاص,1,
برادر,1,
برادوست,1,
برام,1,
برانوش,1,
براو,1,
براهام,1,
براهيم,1,
برآلين,1,
برپرس,1,
برتاو,1,
برتن,1,
برته,1,
برجاسپ,1,
برچاو,1,
برداش,1,
بردان,1,
بردبار,,1
بردل,1,
برديس,1,
برز,1,
برزام,1,
برزان,1,
برزاو,1,
برزآذر,1,
برزآفريد,,1
برزآفرين,1,
برزفر,1,
برزفري,1,
برزما,1,
برزمند,1,
برزمهر,1,
برزن,1,
برزهم,1,
برزي,,1
برزين,1,1
برزين داد,1,
برزين مهر,1,
برژان,,1
برژانگ,,1
برژنگ,,1
برژول,,1
برسومه,,1
برسيان,1,
برسيل,,1
برسين,,1
برشان,1,
برشيد,,1
برشيو,,1
برف آب,,1
برفي,,1
برفين,,1
برقه,,1
بركاو,1,
بركو,1,
برگ,,1
برگام,,1
برگش,1,
برليان,,1
برمال,1,
برمايون,1,
برنا,1,1
برنوش,1,
بروا,1,
بروار,1,
بروان,1,
بروز,1,
بروسكان,1,
بروسكه,1,
بروفه,1,1
برومند,1,1
برهان,1,
برهان الدين,1,
برهم,1,
برهمن,1,
برهمند,1,
برهون,,1
بريا,,1
بريار,,1
بريان,1,
بريز,1,
بريسكه,1,
بريكار,1,
برين,1,
بريندار,1,
برينداره,,1
بريوان,,1
بزان,,1
بزرجمهر,1,
بزرگ,1,
بزرگ اميد,1,
بزوتنوه,1,
بزوين,1,
بزين,,1
بژار,1,
بژدار,,1
بژن,,1
بژوار,1,1
بژول,,1
بژوين,,1
بژيو,,1
بسارنگ,1,1
بسام,1,
بستك,1,
بستور,1,
بستير,1,
بسمه,,1
بسود,1,
بسوز,1,
بسيم,1,
بسيه,1,
بشتاسب,1,
بشدار,,1
بشرا,,1
بشري,,1
بشكو,,1
بشير,1,
بصير,1,
بغرا,1,
بفران,,1
بفرانبار,,1
بكتاش,1,
بكياش,1,
بلار,,1
بلاش,1,
بلاشان,1,
بلال,1,
بلالوك,,1
بلباس,1,
بلقيا,,1
بلقيس,,1
بلنجه,,1
بلواژ,,1
بلوت,,1
بلور,,1
بلورين,,1
بلوط,,1
بلوير,1,
بليسه,,1
بليمت,1,
بلين,,1
بمان علي,1,
بماني,,1
بنار,1,
بناز,,1
بنان,,1
بناو,,1
بناوان,,1
بنجامين,1,
بندن,1,
بندوي,1,
بنرخ,,1
بنفش,,1
بنفشه,,1
بنگين,,1
بنن,,1
بنيا,,1
بنيامين,1,
بنيتا,,1
بنين,,1
بوار,1,
بوبار,1,
بوبان,1,
بوبك,,1
بوپار,1,
بوتان,1,
بوته,,1
بوجه,1,
بوختار,,1
بوخشا,1,
بوديان,1,
بوذر,1,
بوذرجمهر,1,
بوراب,1,
بوران دخت,,1
بورباش,1,
بورچين,,1
بورژك,1,
بورنگ,1,
بوزرجمهر,1,
بوژان,1,
بوژنه,,1
بوستان,,1
بوستان افروز,1,
بوسه,,1
بوسيان,1,
بوكان,,1
بوكبوياني,,1
بونخوش,,1
بوندار,,1
بوين,,1
به آذين,1,1
به آفريد,,1
به آفرين,,1
به آيين,,1
به آئين,1,
به تام,1,1
به خاتون,,1
به نگار,,1
به يزداد,1,
بها,1,
بهاء الدين,1,
بهادر,1,
بهار,,1
بهارا,,1
بهاران,,1
بهارآفرين,,1
بهاردخت,,1
بهاررخ,,1
بهارك,,1
بهارناز,,1
بهاره,,1
بهارين,,1
بهامد,1,
بهامين,,1
بهان,1,1
بهانه,,1
بهاور,,1
بهبد,1,
بهبود,1,
بهپور,1,
بهتا,,1
بهتاش,1,
بهجت,1,1
بهداد,1,
بهداور,1,
بهدخت,,1
بهديس,,1
بهدين,1,
بهرام,1,
بهرامه,,1
بهرانه,,1
بهرخ,,1
بهرنگ,1,
بهرو,,1
بهروزه,,1
بهروش,1,
بهزاد,1,
بهزادان,1,
بهسا,,1
بهستان,1,
بهستون,1,
بهسود,1,
بهسودان,1,
بهشاد,1,
بهشت,,1
بهشته,,1
بهشيد,,1
بهفام,1,
بهك,1,
بهكامه,,1
بهگل,,1
بهلول,1,
بهمن,1,
بهمن داد,1,
بهمن دخت,,1
بهمنش,1,
بهمنيار,1,
بهناز,,1
بهنام,1,
بهنواز,,1
بهنود,1,
بهنوش,,1
بهنيا,1,
بهوران,1,
بهي,,1
بهيز,1,
بهين,,1
بهين بانو,,1
بهين دخت,,1
بهينا,1,1
بهينه,,1
بي بش,1,
بي بي گل,,1
بي بي ماه,,1
بي بي ناز,,1
بي توش,,1
بي خال,,1
بي خم,,1
بي نظير,,1
بي وينه,,1
بيارش,1,
بياره,1,
بيان,,1
بيانه,,1
بيباك,1,
بيبون,,1
بيتا,1,1
بيتاوان,1,
بيتخش,1,
بيتك,1,
بيچم,,1
بيدار,1,1
بيدخت,,1
بيدگل,,1
بيرام,1,
بيرشاد,1,
بيرگا,1,
بيرور,1,
بيرون,,1
بيري,,1
بيريفان,,1
بيزار,1,
بيژن,1,
بيژه,,1
بيساران,1,
بيسان,,1
بيستان,,1
بيستون,1,
بيسو,,1
بيشو,,1
بيكژ,,1
بيكس,1,
بيكن,,1
بيگرد,,1
بيگم,,1
بيلاش,1,
بيلو,,1
بينا,,1
بينر,1,
بينور,,1
بينيار,,1
بيور,,1
بيورد,1,
بيورزاد,1,
بيوي,,1
پَتَه ماني,1,
پَرنگ,1,
پَريبُرز,1,
پَشَنگ,1,
پُرشاد,,1
پاپريك,1,
پاپوك,,1
پاتيرا,1,
پادار,1,
پاداش,1,1
پاداشت,1,
پادرا,1,
پادشا,1,
پادميرا,,1
پادنا,,1
پادينا,,1
پاراميدا,,1
پارديس,,1
پارديك,1,
پارس,1,
پارسا,1,
پارسان,1,
پارسوا,1,
پارسيا,1,
پارلار,,1
پارميدا,,1
پارميس,,1
پارمين,,1
پارنا,,1
پاساك,1,
پاسدار,1,
پاشا,1,
پاكبانو,,1
پاكدخت,,1
پاكدل,,1
پاكروز,,1
پاكروي,,1
پاكزاد,1,
پاكفر,,1
پاكمهر,1,
پاكناز,,1
پاكنوش,,1
پاكيزه,,1
پاليز,1,1
پامچال,,1
پانته,,1
پانته آ,,1
پانتي,,1
پاني,,1
پانيسا,,1
پانيك,,1
پاو,1,
پايا,1,
پايار,1,
پايون,,1
پاييز,,1
پاييزان,,1
پدرام,1,
پراهام,1,
پربها,,1
پرديس,,1
پرزاد,,1
پرزين,,1
پرسا,,1
پرستو,,1
پرسيا,,1
پرشان,1,
پرشت,,1
پرشنگ,,1
پرشيا,1,
پرك,,1
پرگام,,1
پرگان,,1
پرگشا,,1
پرگل,,1
پرگون,,1
پرناز,,1
پرناك,,1
پرند,,1
پرنوش,,1
پرنيا,,1
پرنيان,,1
پرنين,,1
پرو,,1
پروا,,1
پروانه,,1
پرور,,1
پرويز,1,
پروين,,1
پرهام,1,
پرهان,1,
پري,,1
پريا,,1
پرياس,,1
پريام,1,
پريان,,1
پريچه,,1
پريچهر,,1
پريچهره,,1
پريرخ,,1
پريزاد,,1
پريزاده,,1
پريژه,,1
پريسا,,1
پريسان,,1
پريشا,,1
پريفام,,1
پريفر,,1
پريگون,,1
پريماه,,1
پريمرز,,1
پرين,,1
پريناز,,1
پرينام,,1
پرينوش,,1
پريوش,,1
پژال,,1
پژدو,1,
پژمان,1,
پژند,1,
پژواك,1,1
پساك,1,
پسته,,1
پسنديار,1,
پشتيسار,1,
پشن,1,
پشوتَن,1,
پشين,1,
پگاه,,1
پلاش,1,
پلاشان,1,
پنجعلي,1,
پندار,1,
پوپك,,1
پوپه,,1
پودينه,,1
پوران,,1
پوران دخت,,1
پورك,1,
پورنگ,1,
پوري,,1
پوريا,1,
پوريار,1,
پوژمان,1,
پولاد,1,
پولك,,1
پونا,,1
پونه,,1
پويا,1,
پويان,1,
پويين,1,
پهلبد,1,
پيام,1,
پيچك,,1
پيرداد,1,
پيشداد,1,
پيكان,1,
پيمان,1,
تَرَنُم,,1
تَسو,1,
تَندُر,,1
تَنسِر,1,
تُرنج,,1
تِهرت,,1
تِيتَك,,1
تابا,1,1
تابال,1,
تابان,1,1
تابان چهر,,1
تابان دخت,,1
تابان رخ,,1
تابان گل,,1
تابانروي,,1
تابانمهر,,1
تابش,,1
تابناك,,1
تابنده,,1
تابيتا,,1
تاپيك,,1
تاتيانا,,1
تاتينا,,1
تاج الدين,1,
تاج الزمان,,1
تاج الملك,,1
تاج الملوك,,1
تاج آفرين,,1
تاج بانو,,1
تاج بخش,1,
تاج بي بي,,1
تاج خاتون,,1
تاج دخت,,1
تاج گل,,1
تاج ماه,,1
تاج مهر,,1
تاجيك,1,
تارا,,1
تارادخت,,1
تاراديس,,1
تارح,1,
تارخ,1,
تارلا,,1
تارميتا,,1
تازه,,1
تاژ,1,1
تافته,,1
تاك آفرين,,1
تاكدخت,,1
تاليا,,1
تامارا,,1
تاميلا,,1
تاميما,,1
تانسو,,1
تانيا,,1
تايماز,1,1
تباك,1,
تبسم,,1
تتسگل,,1
تحفه,,1
تحفه گل,,1
تخار,1,
تخشا,1,
تخشك,,1
تخواره,1,
تذرو,,1
تراب,1,
ترانه,,1
ترخان,1,
ترسا,,1
تركان,,1
ترگل,,1
ترلان,,1
ترمه,,1
ترنگ,,1
ترنيان,,1
تروند,,1
تريتي,,1
تژاو,1,
تسنيم,,1
تشتر,,1
تقدير,1,
تقي,1,
تك آفرين,1,
تك بانو,,1
تكاپو,1,
تكاو,,1
تكاور,1,
تكتا,1,
تكتم,,1
تكش,1,
تكين,1,
تگين,1,
تلكا,,1
تلما,,1
تلناز,,1
تليمان,1,
تمنا,,1
تميس,,1
تميم,1,1
تناز,,1
تنبور,,1
تنديس,,1
تني,,1
تني نار,,1
توان,1,
توانا,1,
توانايي,1,
توتيا,,1
توحيد,1,
تور,1,
توراكينا,,1
تورال,1,
توران,,1
تورانبانو,,1
توراندخت,,1
تورج,1,
تورك,1,
تورنگ,1,
توري,,1
توريا,1,1
توس,1,
توسا,,1
توسكا,1,1
توسن,1,
توشنامئيتي,,1
توفان,,1
توفيق,1,
توكا,,1
توما,1,
تهم,1,
تهماسب,1,
تهمورث,1,
تهمورس,1,
تهمين,1,
تهمينه,,1
تي تي,,1
تي تي سا,,1
تي تي گل,,1
تي تي نار,,1
تيارا,,1
تيام,1,1
تيبا,,1
تيدآ,,1
تيراژه,,1
تيران,1,
تيرداد,1,
تيزهوش,,1
تيس,1,
تيسا,,1
تيساگل,,1
تيساناز,,1
تيگران,1,
تيما,1,1
تيماس,1,
تيمور,1,
تيمورتاش,1,
تينا,,1
تيناب,,1
تينوش,,1
تيهو,,1
ثابت,1,
ثاقب,1,
ثامر,1,
ثريا,,1
ثمر,1,1
ثمره,,1
ثمين,1,1
ثمينا,,1
ثمينه,,1
ثنا,,1
ثواب,1,
جابان,1,
جابر,1,
جادي,1,
جارالله,1,
جاسم,1,
جاسمين,,1
جالينوس,1,
جام,,1
جاماسب,1,
جاماسپ,1,
جامشيد,1,
جان افروز,1,
جان افزا,1,
جان آرام,,1
جان بخشان,1,
جان پرور,1,
جان محمد,1,
جان نواز,,1
جانا,,1
جانام,,1
جانان,1,
جانانه,,1
جانبانو,,1
جاندخت,,1
جانعلي,1,
جانلي,1,
جانمهر,,1
جانوسيار,1,
جانوشيار,1,
جاني,1,
جانيار,1,
جاويد,1,
جاهد,1,
جبار,1,
جبريل,1,
جبرئيل,1,
جبلي,1,
جرجيس,1,
جرير,1,
جريره,,1
جستان,1,
جعفر,1,
جلال,1,
جلال الدين,1,
جلاير,1,
جلوه,,1
جليل,1,
جم,1,
جمال,1,
جمال الدين,1,
جمدخت,,1
جمشاد,1,
جمشيد,1,
جمهور,1,
جميله,,1
جناب,1,
جنان,,1
جنت,,1
جندل,1,
جنيد,1,
جواد,1,
جوان,1,
جوانشير,1,
جوانمردي,1,
جوانوي,1,
جوانه,,1
جواهر,,1
جوهر,,1
جويا,1,
جويان,1,
جهان,1,
جهان افروز,,1
جهان آذر,,1
جهان آسا,,1
جهان آفرين,1,
جهان آوا,,1
جهان بانو,,1
جهان بخش,1,
جهان بين,1,
جهان خاتون,,1
جهان فر,1,
جهان ماه,,1
جهان مهر,1,1
جهانبان,1,
جهانتاب,,1
جهاندار,1,
جهاندخت,,1
جهانرخ,,1
جهانسوز,1,
جهانشاد,1,
جهانشاه,1,
جهانشيد,1,
جهانشير,1,
جهانگشاي,1,
جهانگير,1,
جهانيار,1,
جهن,1,
جيحون,,1
جيران,,1
جيلا,,1
چَمان,,1
چابك,1,
چاكان,1,
چالش,1,
چالي,,1
چاليك,1,
چام,,1
چامه,,1
چاووش,1,
چاوه,1,
چراغ,1,
چراغعلي,1,
چرمه,,1
چشمه,,1
چكاد,1,
چكاو,,1
چكاوك,,1
چكاوه,,1
چلچله,,1
چليپا,1,1
چمان,,1
چمانه,,1
چمن,,1
چمن افروز,,1
چمن آرا,,1
چمن چهر,,1
چنگش,1,
چنگيز,1,
چنور,1,1
چوبين,1,
چوبينه,1,
چوك,,1
چوگان,1,
چهراب,,1
چهرافروز,,1
چهرآذر,1,1
چهرآرا,,1
چهرآزاد,1,1
چهربرزين,1,
چهرزاد,,1
چهرفروز,,1
چهرك,,1
چهرمينو,,1
چهره,,1
چهره گل,,1
چهل چراغ,,1
چيا,1,
چياكو,1,
چيترا,,1
چيچك,,1
چيستا,,1
چيستي,,1
چيكا,,1
چيلان,1,
چيلانه,,1
چينوَد,1,
حاتم,1,
حاديد,1,
حارث,1,
حارثه,,1
حارس,1,
حافظ,1,
حافظ الدين,1,
حام,1,
حامد,1,
حامده,,1
حامي,1,
حامين,1,
حانان,1,
حانون,1,
حاني,1,1
حانيه,,1
حايري,1,
حبان,1,
حبيب,1,
حبيب الله,1,
حبيبه,,1
حجت,1,
حجت الدين,1,
حداد,1,
حديث,,1
حديثه,,1
حديقه,,1
حرمت,,1
حرمت علي,1,
حره,,1
حرير,,1
حزين,1,
حسام,1,
حسام الدين,1,
حسان,1,1
حسانه,,1
حسن,1,
حسن يوسف,1,
حسنا,,1
حسني,,1
حسيب,1,
حسيبا,,1
حسين,1,
حسينيه,,1
حشمت,1,1
حشمت الله,1,
حصيل,1,
حفصه,,1
حفيظ,1,
حكمت,1,
حكيم,1,
حكيمه,,1
حلاج,1,
حلما,,1
حليا,,1
حليم,1,
حليمه,,1
حليه,,1
حماسه,,1
حمام,1,
حمدالدين,1,
حمدالله,1,
حمرا,,1
حمراه,,1
حمزه,1,
حميد,1,
حميدالدين,1,
حميدالله,1,
حميدرضا,1,
حميده,,1
حميرا,,1
حميم,1,
حنا,,1
حنان,1,
حنانه,,1
حنيف,1,
حنيفه,,1
حنين,1,
حوا,,1
حور,,1
حورا,,1
حورآسا,,1
حورآفرين,,1
حورجهان,,1
حورديس,,1
حوررخ,,1
حورزاد,,1
حوروش,,1
حوري,,1
حوري بانو,,1
حوري دخت,,1
حوري رخ,,1
حوري زاد,,1
حوري لقا,,1
حوريا,,1
حوريه,,1
حيات,,1
حيدر,1,
حيفا,,1
خُوروَش,,1
خُونيرِث,1,
خابان,1,
خاتون,,1
خاتونك,,1
خارا,,1
خارك,,1
خاروس,1,
خاره,,1
خاشعه,,1
خاطرافروز,,1
خاطرآسا,,1
خاطرنواز,,1
خاطره,,1
خاقان,1,
خالد,1,
خالده,,1
خالق,1,
خالواش,,1
خانم,,1
خانم گل,,1
خانوم,,1
خاور,1,1
خاوين,1,
ختا,,1
ختمي,,1
ختن,,1
خجسته,,1
خجسته لقا,,1
خجير,,1
خدا نظر,,1
خداآفريد,1,1
خدابخش,1,
خدابنده,1,
خداداد,1,
خدادوست,1,
خداطلب,1,
خداكريم,1,
خدايار,1,
خديجه,,1
خديو,1,
خراد,1,
خراسان,1,
خرام,,1
خرامان,,1
خرداد,1,
خردادبرزين,1,
خردادبه,1,
خردمند,1,
خرزاد,1,
خرشا,,1
خرشاد,1,1
خرشيد,1,1
خرم,1,
خرم بانو,,1
خرم بهار,,1
خرم چهر,,1
خرم گل,,1
خرمدخت,,1
خرمدل,,1
خرمشاد,1,
خرمن,,1
خرمناز,,1
خرمه,,1
خروش,1,
خزان,,1
خزر,,1
خسرو,1,
خسروپرويز,1,
خسروداد,1,
خسروزاد,1,
خسروشاد,1,
خشاش,1,
خشاشه,1,
خشايار,1,
خشايارشا,1,
خشنواز,1,
خشنود,1,
خضر,1,
خضرا,,1
خليل,1,
خليل الله,1,
خنجست,1,
خندان,1,1
خندان چهر,,1
خندان گل,,1
خوب چهر,,1
خوبرخ,,1
خوبروي,,1
خوبيار,,1
خوتكا,,1
خوردخت,,1
خورديس,,1
خورزاد,1,1
خورسان,1,1
خورسند,1,
خورشاد,,1
خورشيد,1,1
خورشيد چهر,,1
خورشيدبانو,,1
خورشيددخت,,1
خورشيدرخ,,1
خورشيدفر,,1
خورشيدكلاه,1,1
خورشيدمهر,,1
خوزان,1,
خوش لقا,,1
خوش منش,1,
خوش نواز,1,
خوشاب,,1
خوشبوي,,1
خوشچهر,,1
خوشخو,,1
خوشدل,,1
خوشروي,,1
خوشگو,,1
خوشنام,1,
خوشنوا,,1
خوشنود,1,
خوشه,,1
خوشين,,1
خيام,1,
خيرالدين,1,
خيرالله,1,
خيرالنسا,,1
خيرالنساء,,1
خيرانديش,1,
خيرعلي,1,
خيزران,,1
دَريز,1,
دَسَم,1,
دَستنبو,,1
دُخمل,,1
دُرافشان,,1
دُردانه,,1
دُرنا,,1
دُغدو,,1
دِرمنَه,,1
داتَه,1,
داتام,1,
داتان,1,
داتيس,1,
دادار,1,
دادآفريد,1,1
دادآفرين,1,1
دادبان,1,
دادبرزين,1,
دادبه,1,
دادپويه,1,
دادجو,1,
دادخواه,1,
دادرس,1,
دادعلي,1,
دادفر,1,
دادفرخ,1,
دادفروز,1,
دادكار,1,
دادگر,1,
دادلي,,1
دادمهر,1,
دادنام,1,
دادوَر,1,
دادهرمز,1,
داديار,1,
دارا,1,
داراب,1,
داران,1,
دارانا,1,1
دارمان,1,
دارنوش,1,
داريا,1,
دارياو,1,
دارينا,,1
دارينوش,1,
دارينه,,1
داريو,1,
داريوش,1,
داژو,1,
داشاب,1,
داشاد,1,
داليا,,1
داماسپيا,,1
دامور,1,
دامون,1,
دامينه,,1
دان,1,
دانا,1,
دانژه,,1
دانش,1,
دانشمند,1,
دانوش,1,
دانيا,,1
دانيال,1,
داو,1,
داود,1,
داور,1,
داورا,1,
داوود,1,
داويد,1,
دايان,1,
دايانا,,1
دخت مهر,,1
درا,,1
دراج,,1
دربانو,,1
دربها,,1
درة التاج,,1
درتا,,1
درخشا,,1
درخشان,,1
درسا,,1
درستي,,1
درفام,,1
درفشان,,1
درگل,,1
درمان,,1
درناز,,1
دروار,,1
دره,,1
دري,,1
دريا,,1
دريادخت,,1
درياناز,,1
دريتا,,1
دريم,1,1
درين,,1
دستان,1,
دشمه,1,
دل افروز,,1
دل انگيز,,1
دل آرا,,1
دل آرام,,1
دل آسا,,1
دل آشوب,,1
دل آويز,,1
دل بهار,,1
دلارا,,1
دلارام,,1
دلاور,1,
دلاويز,,1
دلبان,,1
دلبر,,1
دلپذير,,1
دلپرور,,1
دلپسند,,1
دلجو,,1
دلخوش,,1
دلدار,,1
دلرباي,,1
دلستان,,1
دلشاد,1,1
دلفروز,,1
دلكش,,1
دلگرم,,1
دلگشا,,1
دلگون,,1
دلناز,,1
دلنواز,,1
دلنوش,,1
دلنيا,,1
دلوار,,1
دلووان,,1
دليار,,1
دلير,1,
دليله,,1
دلينا,,1
دماوند,1,
دمساز,,1
دمن,,1
دمور,1,
دنا,,1
دنبره,,1
دنيا,,1
دنيز,,1
دنيس,1,1
دورسين,,1
دوست محمد,1,
دوستعلي,1,
دوقلو,1,
دومان,1,
دها,1,
دهباشي,1,
دهخدا,1,
دهما,,1
دهناد,1,
ديااكو,1,
دياكو,1,
ديان,,1
ديانا,,1
ديبا,,1
ديبارخ,,1
ديدار,,1
ديلان,,1
دين محمد,1,
دينا,,1
دينارگيس,,1
ديناز,,1
دينشاه,1,
دينه,,1
دينيار,1,
ديهيم,1,
ذبيح,1,
ذكا,1,
ذكي,1,
ذكيه,,1
ذوالفضل,1,
ذوالفقار,1,
رَسابانو,,1
رَسادخت,,1
رُدگون,,1
رُكسانا,,1
رابعه,,1
رابو,,1
رابيا,,1
راتا,,1
راتين,1,
راحل,,1
راحله,,1
راحيل,,1
راد,1,
رادا,,1
رادان,1,
رادبرزين,1,
راددخت,,1
رادعلي,1,
رادفرخ,1,
رادمان,1,
رادمنش,1,
رادمهر,1,
رادنوش,1,1
رادوين,1,
راز,,1
رازان,,1
رازاوه,1,
رازقي,,1
رازك,,1
رازمهر,,1
رازيانه,,1
راژان,1,1
راستين,1,
راشا,1,
راشد,1,
راشل,,1
راشن,1,
راشين,1,
راضيه,,1
رافع,,1
رافعه,,1
رافونه,,1
رام,1,
رام افزا,,1
رام افزون,,1
رام بانو,,1
رام برزين,1,
راما,1,
رامان,1,
رامبد,1,
رامتين,1,
رامدخت,,1
رامسينا,,1
رامش,,1
رامشاد,1,
رامشين,,1
رامك,,1
رامونا,,1
رامي,1,
رامياد,1,
راميار,1,
راميلا,,1
رامين,1,
رامينا,,1
رامينه,,1
رانيا,,1
راوش,,1
راوك,,1
راويز,,1
راويس,,1
راهنما,1,
راهين,,1
رايا,1,
رايان,1,1
رايبد,1,
رايحه,,1
رايكا,1,1
رايمون,1,
رايومند,,1
رايين,1,
رائيك,,1
رائيكا,,1
رأفت,,1
رباب,,1
ربابه,,1
ربن,1,
ربيع,1,
ربيعه,,1
رتاج,,1
رجا,1,
رجب,1,
رحمان,1,
رحمت,1,
رحمت الله,1,
رحمه,,1
رحيم,1,
رحيمه,,1
رخ افروز,,1
رخامين,,1
رخسار,,1
رخساره,,1
رخسانا,,1
رخشا,,1
رخشاد,,1
رخشان,1,1
رخشانه,,1
رخشنده,,1
رخشيد,,1
رخشيده,,1
رخك,,1
رخنا,,1
رخنار,,1
ردا,,1
رديمه,,1
رز,,1
رزا,,1
رزاق,1,
رزالين,,1
رزان,,1
رزق الله,1,
رزمان,1,
رزمين,,1
رزيتا,,1
رزين,1,
رزين دخت,,1
رزينا,,1
رژان,,1
رسا,1,1
رسام,1,
رسپينا,,1
رستا,,1
رستار,1,
رستاك,,1
رستان,1,
رستم,1,
رستهم,1,
رسول,1,
رشا,1,1
رشاد,1,1
رشنواد,1,
رشيد,1,
رشيدا,1,
رشيدالدين,1,
رضا,1,
رضوان,1,1
رضوانه,,1
رضي,1,
رضي الدين,1,
رضيه,,1
رعد,1,
رعنا,,1
رغمان,1,
رفعت,1,1
رفيدا,1,1
رفيع,1,
رفيع الدين,1,
رفيعه,,1
رقيه,,1
ركسار,1,
ركسانه,,1
ركن الدين,1,
رمان,,1
رمانه,,1
رمضان,1,
رميار,1,
رميصا,,1
روان,,1
روبينا,,1
روجا,,1
روجيار,1,
روح الله,1,
روحبخش,,1
رودابه,,1
روزافزون,,1
روزانا,,1
روزبه,1,
روزبهان,1,
روزك,1,
روزمهر,1,
روزيتا,,1
روژ,,1
روژا,,1
روژان,,1
روژانو,,1
روژدا,,1
روژمان,1,
روژيا,,1
روژيار,,1
روژين,,1
روژينا,,1
روژييار,,1
روسانا,,1
روشا,,1
روشاك,1,
روشان,,1
روشن,,1
روشنا,,1
روشنايي,1,
روشنك,,1
روما,1,1
روماك,1,
روميسا,,1
رومينا,,1
روناك,,1
رونيا,,1
رونيكا,,1
روهام,1,
روهان,1,
رويا,,1
رها,,1
رهام,1,
رهان,1,
رهي,1,
رؤيا,,1
رياض,1,
ريتا,,1
ريجينا,,1
ريحان,,1
ريحانه,,1
ريرا,,1
ريكا,,1
ريكان,1,1
ريما,,1
ريو,1,
ريواس,,1
ريونيز,1,
رئوف,1,
زَرير,1,
زَم,1,
زَواره,1,
زَهير,1,
زاب,1,
زادك,1,1
زاكيه,,1
زاگرس,1,
زال,1,
زامياد,1,
زامير,,1
زانا,1,
زانوس,1,1
زانيار,1,
زاور,1,
زاوش,1,
زاهده,,1
زبيده,,1
زراتشت,1,
زراسپ,1,
زرافشان,,1
زرپري,,1
زرتا,,1
زرتاج,,1
زرتشت,1,
زرحيا,1,
زرخاتون,,1
زرداده,1,
زرداشت,1,
زردخت,,1
زردشت,1,
زرديس,,1
زرستان,,1
زرشام,,1
زركا,,1
زرگل,,1
زرگيس,,1
زرگيسو,,1
زرمان,,1
زرمهر,1,
زرناز,,1
زرنگار,,1
زرنوش,,1
زري,,1
زرين,,1
زرينه,,1
زريون,1,
زعفران,,1
زعيم,1,
زعيم الدين,1,
زكريا,1,
زكي,1,
زكي الدين,1,
زكيه,,1
زگما,,1
زلال,,1
زلفعلي,1,
زمان,1,
زمانه,,1
زمران,1,
زمزم,,1
زمزمه,,1
زميرا,1,1
زنبق,,1
زنگنه,1,
زنگه,1,
زوپير,1,
زوشا,1,1
زوفا,,1
زويا,,1
زويين,1,
زهرا,,1
زهراناز,,1
زهره,,1
زهيد,1,
زهيرا,,1
زيا,1,
زيار,1,
زيب النساء,,1
زيبا,,1
زيبا دخت,,1
زيباچهر,,1
زيبارخ,,1
زيبان,,1
زيبنده,,1
زيرجد,,1
زيرك,1,
زيگ,1,
زين الدين,1,
زين العابدين,1,
زينا,,1
زينال,1,
زيناوند,1,
زينب,,1
زينت,,1
زينعلي,1,
زيوا,,1
زيور,,1
زيورتاج,,1
زيوين,,1
زييده,,1
زئوس,1,1
ژابيز,1,
ژاسمن,,1
ژاسمين,,1
ژافه,1,
ژاكلين,,1
ژالانه,,1
ژاله,,1
ژالين,,1
ژاماسب,1,
ژامك,,1
ژان,1,1
ژانت,,1
ژانيا,,1
ژانيتا,,1
ژانين,,1
ژانينا,,1
ژاو,1,
ژاوا,,1
ژاوه,,1
ژاييز,1,
ژاييژ,,1
ژربرا,,1
ژرف,1,
ژرفا,,1
ژرفي,,1
ژرفين,,1
ژرويرا,,1
ژكور,1,
ژم,1,
ژنگ,1,
ژنوا,1,
ژنيا,,1
ژنيك,,1
ژوان,,1
ژوبين,1,
ژوپين,1,
ژورك,1,
ژون,,1
ژيار,1,
ژيان,1,
ژيان چهر,,1
ژيان دخت,,1
ژيژيس,,1
ژيكان,,1
ژيگس,1,
ژيلا,,1
ژيلوان,1,
ژيله,1,1
ژينا,,1
ژينو,,1
ژينوس,,1
ژيوار,,1
سَپْرَنگ,1,
سَتوِش,,1
سَروَر,,1
سَلم,1,
سُرايش,1,
سابرينا,,1
ساتراپ,,1
ساتكين,1,
ساتيا,,1
ساتيار,1,
ساتين,,1
ساجده,,1
ساحر,,1
ساحره,,1
ساحل,,1
سارا,,1
سارال,,1
سارالماز,,1
ساراي,,1
ساردين,1,1
سارگل,,1
سارنگ,1,
سارنيا,,1
سارو,1,
ساره,,1
ساريان,,1
ساريسا,,1
سارين,1,
سارينا,,1
سارينه,,1
سازك,,1
سازين,,1
ساسان,1,
ساشا,1,1
ساطعه,,1
ساعد,1,
ساعده,,1
ساعي,1,
ساغر,,1
ساقي,,1
ساكو,1,
سالار,1,
سالداش,1,
سالسا,,1
سالم,1,
سالمه,,1
سالومه,,1
سالي,,1
سام,1,1
ساما,1,
سامان,1,
سامر,1,
سامرند,1,
سامره,,1
سامه,,1
ساميا,1,
ساميار,1,
ساميان,1,
ساميرا,,1
سامين,1,
سامينا,,1
سامينه,,1
ساميه,,1
سان آي,,1
سانا,1,
ساناز,,1
سانان,1,
ساناي,,1
سانلي,,1
سانوا,,1
سانيا,,1
سانيار,1,
ساوا,1,1
ساوالان,1,1
ساوان,1,
ساورا,1,
ساورينا,,1
ساوند,,1
ساونگ,1,
ساوه,1,
ساويز,,1
ساويس,,1
ساوين,,1
ساهر,1,
سايا,,1
سايان,,1
ساير,1,
سايروس,1,
سايره,,1
سايمان,,1
ساينا,,1
ساينه,,1
سايه,,1
سبا,,1
سبحان,1,
سبزپري,,1
سبزه,,1
سبزه بهار,,1
سبزه قبا,,1
سبزينه,,1
سبكتين,1,
سبلان,1,
سپاكو,,1
سپتا,,1
سپنتا,1,1
سپند,1,
سپندان,1,
سپهر,1,
سپهراد,1,
سپهرار,1,
سپهرداد,1,
سپهرم,1,
سپيتا,,1
سپيته,,1
سپيدار,1,1
سپيده,,1
سپيده گل,,1
سپينود,,1
ستُرگ,1,
ستاتيرا,,1
ستار,1,
ستاره,,1
ستاك,,1
ستايش,1,1
ستوده,,1
ستي,,1
ستيا,,1
سجاد,1,
سحاب,1,
سحر,,1
سحرناز,,1
سحرنوش,,1
سدا,,1
سداب,,1
سدرا,1,
سدنا,,1
سراج,1,
سراج الدين,1,
سرافراز,1,
سردين,1,1
سرگل,,1
سرمه,,1
سرنا,,1
سرو,1,1
سروآزاد,,1
سروبن,,1
سروتن,,1
سروجهان,,1
سرور,1,1
سروش,1,1
سروشا,,1
سروشان,1,
سروگل,,1
سروناز,,1
سروين,,1
سريتا,1,
سريرا,,1
سزاوار,1,
سعد,1,
سعدالدين,1,
سعدي,1,
سعيد,1,
سعيده,,1
سفندارمذ,1,
سقراط,1,
سكندر,1,
سكينه,,1
سلاله,,1
سلجوق,1,
سلدا,,1
سلدوز,1,
سلطان,1,
سلطنت,,1
سلما,,1
سلمان,1,
سلمه,,1
سلمي,,1
سلنا,,1
سلوي,,1
سليم,1,
سليمان,1,
سليمه,,1
سلينا,,1
سما,,1
سمارسيس,1,1
سمان,1,1
سمانه,,1
سمر,,1
سمك,1,
سمكنان,1,
سمن,,1
سمن اندام,,1
سمن بر,,1
سمن پيكر,,1
سمن چهر,,1
سمن چهره,,1
سمن ديس,,1
سمن رخ,,1
سمن رو,,1
سمن سيما,,1
سمن گل,,1
سمن ناز,,1
سمنزار,,1
سمنوي,,1
سموئيل,1,
سميح,1,
سمير,1,
سميرا,,1
سميرا ميس,,1
سميع,1,
سمين,,1
سمينه,,1
سميه,,1
سنا,1,1
سناءالدين,1,
سنان الدين,1,
سنباد,1,
سنبل,,1
سنجر,1,
سنجه,1,
سندس,,1
سندوس,,1
سنيا,,1
سوان,1,1
سوبيتاي,1,
سوتيام,,1
سودا,,1
سودابه,,1
سوده,,1
سوران,1,
سورن,1,
سورنا,1,
سوره,,1
سوري,,1
سوريا,,1
سورين,1,
سوزان,,1
سوژا,,1
سوسا,,1
سوسن,,1
سوسنك,,1
سوشا,1,
سوشيا,1,
سوشيان,1,
سوشيانت,1,
سوشيانس,1,
سوفرا,1,
سوفي,,1
سوفيا,,1
سوگل,,1
سوگلي,,1
سوگند,,1
سولاف,,1
سولماز,,1
سولينا,,1
سوما,1,
سوميا,,1
سوميتا,,1
سومينا,,1
سونا,,1
سوناي,,1
سونيا,,1
سويل,,1
سويل آي,,1
سوين,,1
سوينچ,,1
سها,1,1
سهام,1,
سهام الدين,1,
سهراب,1,
سهره,1,
سهند,1,
سهي,,1
سهيزاد,,1
سهيل,1,
سهيلا,,1
سي بل,,1
سي سام,,1
سي سي,,1
سي سي كام,,1
سي سيماك,1,
سي گل,,1
سيامك,1,
سيامند,1,
سياوخش,1,
سياوش,1,
سياووش,1,
سيب گل,,1
سيبويه,1,
سيتا,,1
سيتاك,1,
سيحون,1,
سيران,,1
سيرانوش,,1
سيرخ,1,
سيرنگ,,1
سيروان,1,
سيروس,1,
سيف الدين,1,
سيف الله,1,
سيفور,,1
سيكا,1,
سيلوانا,,1
سيم تن,,1
سيما,,1
سيمبر,,1
سيمرخ,,1
سيمروي,,1
سيمك,1,
سيمگون,,1
سيميا,,1
سيمين,,1
سيمين تن,,1
سيمين چهر,,1
سيمين دخت,,1
سيمين رخ,,1
سيمينه,,1
سينا,1,
سينار,1,
سيناك,1,
سيندخت,,1
سينره,,1
سيوان,1,
شابرزين,1,
شابهار,1,
شاپرك,,1
شاپري,,1
شاپور,1,
شاخ شمشاد,,1
شاخ نبات,,1
شاخسار,,1
شاداب,,1
شادان,1,1
شادان بانو,,1
شادان برزين,1,
شادان هرمز,1,
شادانه,,1
شادآفريد,,1
شادبانو,,1
شادبه,1,
شادبهر,,1
شادپري,,1
شادتگين,1,
شادخاتون,,1
شاددخت,,1
شاددل,,1
شادرخ,,1
شادرو,,1
شادروز,,1
شادروي,,1
شادفر,,1
شادك,,1
شادكام,,1
شادكامه,,1
شادكان,1,
شادگل,,1
شادگون,,1
شادلي,1,
شادلين,,1
شادمان,1,1
شادمانه,,1
شادمهر,1,1
شادن,1,
شادناز,,1
شادنوش,,1
شادور,,1
شادي,,1
شادي افزا,,1
شادي آور,,1
شاديا,,1
شاديار,1,
شاديان,,1
شاديانه,,1
شار,1,
شاران,,1
شارك,,1
شارمين,,1
شارمينا,,1
شارو,1,
شاروسين,1,
شارونا,1,1
شارويه,1,
شاريس,,1
شارين,,1
شارينا,,1
شاسپرم,,1
شاعي,1,
شاكر,1,
شاكل,1,
شاليزار,,1
شامان,,1
شامل,1,
شاميرام,,1
شانا,,1
شانديز,1,1
شانلي,1,
شانو,,1
شانيا,1,
شاور,1,
شاوران,1,
شاوگ,1,
شاويس,1,
شاه اسپرم,,1
شاه آذر,,1
شاه آفريد,,1
شاه بانگ,,1
شاه برزين,1,
شاه بهرام,1,
شاه پر,1,
شاه پرك,,1
شاه پرند,,1
شاه پري,,1
شاه پسند,,1
شاه پونه,,1
شاه جهان,,1
شاه خاتون,,1
شاه سرور,1,
شاه صنم,,1
شاه فريد,,1
شاه محمد,1,
شاه مراد,1,
شاه موبد,1,
شاه ناز,,1
شاه هژبر,1,
شاها,1,1
شاهارا,1,
شاهبانو,,1
شاهپور,1,
شاهجان,,1
شاهد,1,
شاهدانه,,1
شاهدخت,,1
شاهديس,1,
شاهر,1,
شاهرخ,1,
شاهرو,,1
شاهروز,1,
شاهسار,1,
شاهسون,1,
شاهفرند,,1
شاهفور,1,
شاهقلي,1,
شاهك,1,
شاهكار,1,
شاهكام,1,
شاهگل,1,1
شاهمير,1,
شاهنده,1,1
شاهنگ,1,1
شاهو,1,
شاهوش,1,
شاهوي,1,
شاهيار,1,
شاهيده,,1
شاهين,1,
شايا,,1
شايار,1,
شايان,1,
شايان دخت,,1
شايسته,,1
شايگان,1,
شايلي,,1
شاين,,1
شاينا,1,1
شايورد,1,
شب افروز,,1
شب آرا,,1
شب بو,,1
شب پره,,1
شب دخت,,1
شب ناز,,1
شباب,1,1
شبان,1,
شباويز,1,
شباهنگ,,1
شبديس,,1
شبگون,,1
شبلي,1,
شبنا,1,
شبنم,,1
شبيب,1,
شبير,1,
شجاع الدين,1,
شجاع الملك,1,
شداد,1,
شراره,,1
شرافت,,1
شراكيم,1,
شرف,1,
شرف الدين,1,
شرف الزمان,1,
شرميلا,,1
شرمين,,1
شرمين دخت,,1
شرمينه,,1
شروان,1,
شروانه,,1
شروين,1,1
شري,,1
شريف,1,
شريف الدين,1,
شرين,,1
شعبان,1,
شعري,,1
شعله,,1
شعيب,1,
شغاد,1,
شفا,1,
شفروه,1,
شفق,1,1
شفيع,1,
شفيعه,,1
شفيقه,,1
شقاقل,,1
شقايق,,1
شقيق,1,
شكال,,1
شكر,,1
شكرالله,1,
شكربانو,,1
شكردخت,,1
شكرعلي,1,
شكرناز,,1
شكرين,,1
شكفته,,1
شكور,1,
شكوفا,,1
شكوفه,,1
شكوه,,1
شكوه دخت,,1
شكوه ناز,,1
شكوهنده,,1
شكوهه,,1
شكيب,1,
شكيبا,,1
شكيبه,,1
شكيل,1,
شكيلا,,1
شگون,,1
شلاله,,1
شليخا,1,
شلير,,1
شماخ,1,
شماس,1,
شماساس,1,
شمايل,,1
شمس,1,
شمس الدين,1,
شمس الملوك,,1
شمس الهدي,1,
شمس ايران,,1
شمسا,,1
شمسي,,1
شمشاد,,1
شمشير,1,
شمعون,1,
شمه,,1
شميرا,,1
شميران,1,
شميس,,1
شميسا,,1
شميسه,,1
شميل,1,
شميلا,,1
شميم,,1
شميمه,,1
شمينه,1,
شناز,,1
شناسا,,1
شنايا,,1
شنبليد,,1
شنتيا,1,
شنطوس,1,
شنگان,1,
شنگل,1,
شوان,1,
شوانه,,1
شوخ شنگ,,1
شود,,1
شورانگيز,,1
شورآفرين,,1
شورعلي,1,
شوشا,,1
شوق انگيز,,1
شوق علي,1,
شوكا,,1
شوكت,1,1
شه موبد,1,
شهاب,1,1
شهاب الدين,1,
شهباز,1,
شهبال,1,
شهبان,1,
شهبانو,,1
شهبد,1,
شهپر,,1
شهداد,1,
شهدخت,,1
شهددخت,,1
شهديس,,1
شهراد,1,
شهراز,,1
شهرام,1,
شهران,1,
شهرآرا,,1
شهرآزاد,1,
شهرآشوب,1,1
شهرآگيم,1,
شهربان,1,
شهربانو,,1
شهرتاش,1,
شهرخ,1,1
شهرخواست,1,
شهرداد,1,
شهردخت,,1
شهرزاد,1,1
شهرسپ,1,
شهرگان,1,
شهرگل,,1
شهرگير,1,
شهرناز,,1
شهرنواز,,1
شهرنوش,1,1
شهرو,1,1
شهروان,1,
شهرود,1,1
شهروز,1,
شهروين,1,
شهرويه,,1
شهره,,1
شهريار,1,
شهرين,1,
شهريور,1,
شهزاد,1,1
شهزاده,,1
شهسان,1,
شهفور,1,
شهگل,,1
شهلا,,1
شهمردان,1,
شهمير,1,
شهناز,,1
شهنام,1,
شهنواز,,1
شهنوش,1,
شهياد,1,
شهيار,1,
شهير,1,
شهيره,,1
شهين,,1
شهين بانو,,1
شيانا,1,
شيبا,,1
شيبان,1,
شيبت,1,
شيث,1,
شيد,1,1
شيدا,,1
شيداب,1,
شيدبانو,,1
شيدخت,,1
شيددخت,,1
شيدر,,1
شيدرخ,,1
شيدرنگ,1,
شيدسب,1,
شيدوش,1,
شيده,,1
شيرات,,1
شيراحمد,1,
شيراك,1,
شيران,1,
شيرآزاد,1,
شيرخون,1,
شيردل,1,
شيرزاد,1,
شيرزن,,1
شيرزيل,1,
شيرعلي,1,
شيرگل,1,1
شيرمحمد,1,
شيرو,1,
شيرويه,1,
شيرين,,1
شيرين بانو,,1
شيرين جهان,,1
شيرين دخت,,1
شيرين گل,,1
شيفته,,1
شيلا,,1
شيلان,,1
شيلر,,1
شيما,,1
شينا,,1
شيناب,,1
شيناز,,1
شيوا,,1
شيوه,1,1
صاباح گل,,1
صابر,1,
صابره,,1
صابرين,,1
صاحب,1,
صادق,1,
صادقه,,1
صارم,1,
صاعد,1,
صالح,1,
صالحه,,1
صانع,1,
صايب,1,
صاين,1,
صائب,1,
صائم,1,
صائن,1,
صائن الدين,1,
صبا,1,1
صباح,1,
صباحت,,1
صبار,1,
صبح آسا,,1
صبح جبين,,1
صبح چهر,,1
صبح چهره,,1
صبرا,,1
صبرناز,,1
صبرينه,,1
صبريه,,1
صحرا,,1
صحو,,1
صدا,,1
صداقت,1,1
صدپر,,1
صدر,1,
صدرا,1,
صدرالدين,1,
صدران,1,
صدف,,1
صدوق,1,
صديده,1,
صديق,1,
صديقا,1,
صديقه,,1
صغري,,1
صفا,1,
صفار,1,
صفاعلي,1,
صفاناز,,1
صفدر,1,
صفر,1,
صفورا,,1
صفي,1,
صفي الدين,1,
صفي الله,1,
صفيعلي,1,
صفيه,,1
صلات,1,
صلاح,1,
صلاح الدين,1,
صمد,1,
صمدالله,1,
صمصام,1,
صميم,1,
صنعان,1,
صنم,,1
صنم بر,1,
صنم دخت,,1
صنم رو,,1
صنم گل,,1
صنم ناز,,1
صنوبر,,1
صوفيا,,1
صونا,,1
صهبا,,1
صياد,1,
صيام,1,
ضحا,1,1
ضحاك,1,
ضحي,,1
ضرغام,1,
ضرغامه,,1
ضيا,1,
ضياءالدين,1,
ضيافت,1,
ضيغم,1,
طارق,1,
طالب,1,
طالع,1,
طالوت,1,
طاوس,,1
طاووس,,1
طاها,1,
طاهر,1,
طاهره,,1
طائر,1,
طباطبا,1,
طراوت,,1
طرب انگيز,,1
طرب آرا,,1
طرحان,1,
طرخان,1,
طرفه,,1
طرق,1,
طرلان,,1
طره,,1
طره خاتون,,1
طرهان,1,
طغاتركان,,1
طغاتيمور,1,
طغان,1,
طغرل,1,
طلا,,1
طلاسان,,1
طلاگون,,1
طلاناز,,1
طلايه,,1
طلب علي,1,
طلحه,1,
طلعت,,1
طلوع,,1
طليعه,,1
طمغاج,1,
طناز,,1
طنان,,1
طنين,,1
طوبي,,1
طورگ,1,
طوس,1,
طوش,1,
طوطي,,1
طوطيا,,1
طوطيانوش,1,
طوفان,1,
طه,1,
طهماسپ,1,
طهمورث,1,
طهور,1,
طهورا,,1
طيب,1,
طيبه,,1
طيفور,1,
طيلا,,1
طينوش,1,
طيهوج,1,
ظافر,1,
ظريف,1,1
ظريفه,,1
ظفر,1,
ظفرداد,1,
ظفردخت,,1
ظهور,1,
ظهيرالدين,1,
ظهيره,,1
عابد,1,
عابده,,1
عابس,1,
عاتكه,,1
عاد,1,
عادل,1,
عادله,,1
عاديات,,1
عارف,1,
عارف پاشا,1,
عارفه,,1
عاشق,1,
عاشور,1,
عاصفه,,1
عاصم,1,
عاطف,1,
عاطفه,,1
عاقله,,1
عاكف,1,
عالم,,1
عالم تاج,,1
عالمه,,1
عاليه,,1
عامر,1,
عامره,,1
عاموس,1,
عايشه,,1
عباد,1,
عبادالله,1,
عباس,1,
عبدالامين,1,
عبدالباسط,1,
عبدالباقي,1,
عبدالجبار,1,
عبدالجليل,1,
عبدالجواد,1,
عبدالحسن,1,
عبدالحسين,1,
عبدالحق,1,
عبدالحليم,1,
عبدالحميد,1,
عبدالحي,1,
عبدالخالق,1,
عبدالرحمان,1,
عبدالرحمن,1,
عبدالرحيم,1,
عبدالرزاق,1,
عبدالرسول,1,
عبدالرشيد,1,
عبدالرضا,1,
عبدالرفيع,1,
عبدالستار,1,
عبدالصمد,1,
عبدالعزيز,1,
عبدالعظيم,1,
عبدالعلي,1,
عبدالغفار,1,
عبدالغفور,1,
عبدالغني,1,
عبدالفتاح,1,
عبدالقادر,1,
عبدالقاهر,1,
عبدالكريم,1,
عبداللطيف,1,
عبدالله,1,
عبدالمجيد,1,
عبدالمحمد,1,
عبدالملك,1,
عبدالناصر,1,
عبدالنبي,1,
عبدالواحد,1,
عبدالوهاب,1,
عبدالهادي,1,
عبيدالله,1,
عثمان,1,
عجب نوش,,1
عدل,1,
عدن,1,
عدنان,1,
عذرا,,1
عرشيا,1,
عرشيان,,1
عرفان,1,1
عرفانه,,1
عروج,1,
عزالدين,1,
عزالنسا,,1
عزت,1,1
عزت الزمان,,1
عزت السادات,,1
عزت الله,1,
عزت الملوك,,1
عزت بانو,,1
عزت زمان,,1
عزت ملك,,1
عزت نسا,,1
عزرا,1,
عزير,,1
عزيز,1,
عزيزالدين,1,
عزيزالله,1,
عزيزه,,1
عسكر,1,
عسل,,1
عسل ناز,,1
عشرت,,1
عشرت الملوك,,1
عصار,1,
عصمت,,1
عصمت الملوك,,1
عضد,1,
عضدالدين,1,
عضدالملك,1,
عطا,1,
عطاالله,1,
عطارد,1,
عطرساي,,1
عطرين,,1
عطية الله,,1
عطيه,,1
عظيم,1,
عظيمه,,1
عفاف,,1
عفت,,1
عفيف الدين,1,
عفيفه,,1
عقيق,,1
عقيل,1,
عقيله,,1
علا,1,
علوان,1,
علويه,,1
علي,1,
علي اصغر,1,
علي اكبر,1,
علي داد,1,
علي مراد,1,
علي مردان,1,
علي نقي,1,
علي يار,1,
عليا,,1
عليرضا,1,
عليم,1,
عماد,1,
عمادالدين,1,
عمادالملك,1,
عمار,1,
عمران,1,
عمرو,1,
عميد,1,
عميدالدين,1,
عنايت,1,
عنايت الله,1,
عنبر,,1
عنبربو,,1
عندليب,1,
عنقا,,1
عهديه,,1
عيار,1,
عيسا,1,
عيسي,1,
عين الدين,1,
عين الزمان,1,
عين الله,1,
عينعلي,1,
غاتفر,1,
غاثر,1,
غازان,1,
غازي,1,
غالب,1,
غانيه,,1
غباد,1,
غدير,1,
غديره,,1
غزال,,1
غزاله,,1
غزل,,1
غزل ناز,,1
غضنفر,1,
غفار,1,
غفور,1,
غلام,1,
غلامرضا,1,
غلامعلي,1,
غمزه,,1
غنج,,1
غنچه,,1
غوغا,,1
غياث,1,
غياث الدين,1,
فَرَوَشي,1,
فَرهود,1,
فاتح,1,
فاتك,1,
فاتن,,1
فاتيما,,1
فاخته,,1
فاديا,1,1
فارا,,1
فارد,1,
فارناس,1,
فارناسس,1,
فارناك,1,
فاروق,1,
فارهه,,1
فارياب,1,
فاسيروس,,1
فاضل,1,
فاطر,1,
فاطمه,,1
فاطمه زهرا,,1
فاطن,1,
فاطيما,,1
فام گل,,1
فانيذ,,1
فايحه,,1
فايديم,,1
فايز,1,
فايض,1,
فايضه,,1
فايق,1,
فايقه,,1
فائحه,,1
فائز,1,
فائزه,,1
فائض,1,
فائضه,,1
فائقه,,1
فتاح,1,
فتانه,,1
فتح الدين,1,
فتح الله,1,
فتحعلي,1,
فتنه,,1
فتوت,1,
فخرالدين,1,
فخرالزمان,,1
فخرالسادات,,1
فخرالملك,1,
فخرالملوك,,1
فخرايران,,1
فخرآفاق,,1
فخرجهان,,1
فخرگل,,1
فخري,,1
فخيم,1,
فخيمه,,1
فداك,1,
فرابرز,1,
فراتاگون,,1
فراچهر,,1
فرادخت,1,
فراراد,1,
فرارنگ,,1
فراز,1,1
فرازان,1,
فرازمان,1,
فرازمند,1,
فرازنده,,1
فراست,1,
فراسياك,1,
فرام,1,
فرامرز,1,
فرانسيس,1,
فرانك,,1
فرانه,,1
فراوك,1,
فراهت,,1
فراهل,1,
فراهيم,1,
فراهين,1,
فراييم,1,
فرايين,1,
فرآذر,,1
فربُد,1,
فربو,,1
فربود,1,
فربين,1,
فرپرك,,1
فرتاش,1,
فرتوس,1,
فرتوك,,1
فرج,1,
فرجاد,1,
فرجام,1,
فرجود,1,
فرجهان,,1
فرح,,1
فرح انگيز,,1
فرح بانو,,1
فرح بخش,,1
فرح دخت,,1
فرح نوش,,1
فرحان,1,
فرحانه,,1
فرحت,1,
فرحتاج,,1
فرحناز,,1
فرخ,1,1
فرخ بانو,,1
فرخ بخش,,1
فرخ بد,1,
فرخ به,1,
فرخ پي,1,
فرخ تاج,,1
فرخ تاش,1,
فرخ چهر,,1
فرخ داد,1,
فرخ زات,1,
فرخ زند,1,
فرخ شاد,1,
فرخ لقا,,1
فرخ ماه,,1
فرخ ناز,,1
فرخ يار,1,
فرخ يسار,1,
فرخروز,,1
فرخزاد,1,
فرخنده,,1
فرخنده پي,1,
فرخنده چهر,,1
فرداد,1,
فرداد منش,1,
فردان,1,
فردخت,,1
فردوس,1,1
فرديس,,1
فردين,1,
فرزاد,1,
فرزام,1,
فرزان,1,1
فرزان دخت,,1
فرزانه,,1
فرزن,1,
فرزنه,1,
فرزيان,1,
فرزين,1,
فرساد,1,
فرسام,1,
فرستو,,1
فرسمن,1,
فرسيما,,1
فرش آورد,1,
فرشاد,1,
فرشاسب,1,
فرشته,,1
فرشوشتر,1,
فرشيد,1,
فرشيدورد,1,
فرشيده,,1
فرشيم,1,
فرصت,1,
فرض,1,
فرطوس,1,
فرغار,1,
فرغان,1,
فرغانه,,1
فرقان,1,
فرقد,1,
فرگل,,1
فرگون,,1
فرمان,1,
فرمد,1,
فرمند,1,
فرمنش,1,
فرمهر,,1
فرميسك,,1
فرمين,1,
فرناد,1,
فرناز,,1
فرناس,1,
فرناك,1,
فرنام,1,
فرند,1,
فرنگار,,1
فرنگيز,,1
فرنگيس,,1
فرنو,,1
فرنواز,,1
فرنود,1,
فرنور,1,
فرنوش,1,1
فرنوشا,,1
فرني,,1
فرنيا,,1
فرنيان,,1
فرواك,1,
فرود,1,
فرورتيش,1,
فروردين,,1
فروز,,1
فروزا,,1
فروزاتون,,1
فروزان,,1
فروزانفر,1,
فروزجهان,,1
فروزش,,1
فروزنده,,1
فروزينه,,1
فروشنك,,1
فروغ,,1
فروغ بانو,,1
فروغ دخت,,1
فروهر,1,
فروهنده,,1
فرهاد,1,
فرهام,1,
فرهان,1,
فرهت,,1
فرهمند,1,
فرهناز,,1
فرهنگ,1,1
فرهور,,1
فرهوش,1,
فرهوشداد,1,
فرهومند,1,
فري توس,1,
فرياد,1,1
فريار,,1
فريال,,1
فريان,1,
فريانه,,1
فريبا,,1
فريبرز,1,
فريتون,1,
فريد,1,
فريدخت,,1
فريدون,1,
فريده,,1
فرير,,1
فريرخ,,1
فريرو,,1
فريسا,,1
فريشا,,1
فريشاد,1,
فريضه,,1
فريما,,1
فريمان,1,
فريمانه,,1
فريماه,,1
فريمن,1,
فريمند,1,
فرين,,1
فرين دخت,,1
فرينا,,1
فريناز,,1
فرينام,1,
فرينوش,1,
فريوش,,1
فريين,1,
فصيح,1,
فصيحه,,1
فضل,1,
فضل الله,1,
فضيل,1,
فضيلت,,1
فغان,,1
فغانيش,1,
فغستان,,1
فكرعلي,1,
فلامك,,1
فلق,1,
فلك الدين,1,
فلك تاج,,1
فلك وش,,1
فلكناز,,1
فلور,,1
فلورا,,1
فلوريا,,1
فور,1,
فوزيه,,1
فوژان,,1
فوكا,1,
فوگان,1,
فولاد,1,1
فهيمه,,1
فؤاد,1,
فياض,1,
فيروز,1,
فروزان,1,
فيروزه,,1
فيض الله,1,
قابل,1,
قابوس,1,
قابيل,1,
قادر,1,
قارن,1,
قارون,1,
قازان,1,
قاسم,1,
قاصدك,,1
قالوس,1,
قاهر,1,
قاهره,,1
قائد,1,
قائم,1,
قباد,1,
قبيله,1,
قدرت,1,
قدرت الله,1,
قدسي,,1
قدسيه,,1
قدير,1,
قديس,1,
قديسه,,1
قراتكين,1,
قربان,1,
قربان علي,1,
قرة العين,,1
قرنفل,,1
قشنگ,,1
قشنگ گل,,1
قصيده,,1
قطب الدين,1,
قطره,,1
قلندر,1,
قليچ,1,
قمر,,1
قمرالدين,1,
قمرالزمان,,1
قمرالملوك,,1
قمرتاج,,1
قمرسيما,,1
قمرناز,,1
قمري,,1
قنبر,1,
قوام الدين,1,
قوام الملك,1,
قهار,1,
قهرمان,1,
قيدافه,,1
قيزبس,,1
قيصر,1,
قيطون,1,
قيوم,1,
كُنيا,,1
كابي,1,
كاترين,,1
كاترينا,,1
كاتيا,,1
كاد,1,
كارانوس,1,
كاردار,1,
كارمن,,1
كارن,1,
كارنگ,1,
كارولين,,1
كاروند,1,
كارينا,1,
كاس,,1
كاساندان,,1
كاشين,,1
كاظم,1,
كافور,1,
كافي,1,
كافي الدين,1,
كاكله,1,
كاكو,1,
كاكي,1,
كال,1,
كالو,1,
كامبوزيا,1,
كامبيز,1,
كامجو,1,
كامداد,1,
كامدل,,1
كامدين,1,
كامران,1,
كامروا,1,1
كامشاد,1,
كامكار,1,
كامگار,1,
كامله,,1
كامليا,,1
كاملين,,1
كامنوش,1,1
كاموس,1,
كامه,,1
كامياب,1,
كاميار,1,
كاميشا,,1
كاميلا,,1
كان بيدار,1,
كاناز,,1
كاني,,1
كاوان,1,
كاوك,1,
كاووس,1,
كاووش,1,
كاوه,1,
كاويان,1,
كاويش,,1
كايوس,1,
كبرا,,1
كبري,,1
كبريا,,1
كبوجيه,1,
كبوده,1,
كبيتا,,1
كتايون,,1
كتماره,1,
كدمان,1,
كديور,1,
كرا,,1
كراخان,1,
كرام الدين,1,
كرامت,1,1
كرانه,,1
كردعلي,1,
كرشمه,,1
كرم,1,
كرم الله,1,
كروخان,1,
كريشنا,1,
كريم,1,
كريمه,,1
كژال,,1
كسا,1,
كسرا,1,
كسري,1,
كشم,,1
كشواد,1,
كشور,,1
كشوربانو,,1
كلارا,,1
كلاله,,1
كلاهور,1,
كلباد,1,
كلثوم,,1
كليم الله,1,
كمال,1,
كمال الدين,1,
كمال الملك,1,
كمانگير,1,
كمانه,,1
كمبوجيه,1,
كمند,,1
كميل,1,
كنارنگ,1,
كندر,1,
كندرو,1,
كوت,1,
كوثر,,1
كوچك,1,
كوچيار,,1
كورش,1,
كورنگ,1,
كوروس,1,
كوروش,1,
كوش,1,
كوشا,1,
كوشاد,1,
كوشان,1,
كوشانه,,1
كوشك,,1
كوشيار,1,
كوكب,,1
كوكبه,,1
كوليار,1,
كوهرنگ,1,
كوهسار,1,
كوهشاد,1,
كوهيار,1,
كوهين,1,
كوهينه,,1
كهار,1,
كهربا,,1
كهرم,1,
كهسار,,1
كهيلا,1,
كي آذر,1,
كي آرمين,1,
كي آفريد,,1
كي آفرين,,1
كي بانو,,1
كي پيشين,1,
كي دخت,,1
كي راد,1,
كي زاد,1,
كي گشتاسپ,1,
كي منوش,1,
كيا,1,
كياجور,1,
كياچهر,1,
كيادخت,,1
كيارا,,1
كياراد,1,
كيارخ,1,
كيارزم,1,
كيارس,1,
كيارش,1,
كيارنگ,1,1
كيازاد,1,1
كيازند,1,
كياشا,1,
كيان,1,
كيان بانو,,1
كيان شير,1,
كيانا,,1
كياندخت,,1
كيانمهر,1,
كيانوش,1,1
كيانه,,1
كياوش,1,
كيجا,,1
كيجانا,,1
كيخسرو,1,
كيسان,1,
كيسر,,1
كيقباد,1,
كيكاووس,1,
كيميا,,1
كيناز,,1
كيوان,1,1
كيوان بانو,,1
كيوان دخت,,1
كيوانچهر,,1
كيوانرخ,,1
كيوانزاد,,1
كيوس,1,
كيومرث,1,
كيهان,1,
كيهان دخت,,1
كيهانه,,1
گَرشاسب,1,
گاتا,,1
گارنيك,1,
گالوس,1,
گايار,1,
گباد,1,
گرامي,1,
گراميدخت,,1
گرانخوار,1,
گرانمايه,1,
گرانمهر,,1
گراهون,1,
گرايش,1,
گرداب,1,
گردآزاد,1,
گردآفريد,1,1
گردآفرين,1,1
گردگير,1,
گردو,1,
گرديا,,1
گرديك,1,1
گرديه,,1
گرزم,1,
گرزن,1,
گرستون,1,
گرسيوز,1,
گرگين,1,
گرمانك,1,
گرمايل,1,
گروخان,1,
گروي,1,
گزل,,1
گژدهم,1,
گژگين,1,
گستهم,1,
گشتا,,1
گشتاسب,1,
گشتاسپ,1,
گشسپ,1,
گشواد,1,
گل,,1
گل افروز,,1
گل افسر,,1
گل افشان,,1
گل اندام,,1
گل آذين,,1
گل آرا,,1
گل آسا,,1
گل آفريد,,1
گل آگين,,1
گل آور,,1
گل آويز,,1
گل آيين,,1
گل بالا,1,
گل پر,,1
گل پرست,,1
گل پري,,1
گل پناه,,1
گل پيكر,,1
گل تاج,,1
گل تن,,1
گل جهان,,1
گل خند,,1
گل دانه,,1
گل دخت,,1
گل دوست,,1
گل ربا,,1
گل سيما,,1
گل شاد,,1
گل گونه,,1
گل نسا,,1
گل وش,,1
گلاب,,1
گلابتون,,1
گلاره,,1
گلاسا,,1
گلال,,1
گلالان,1,1
گلاله,,1
گلاويژ,,1
گلايل,,1
گلايول,,1
گلايون,,1
گلباد,1,1
گلباران,,1
گلباش,,1
گلبان,,1
گلبانو,,1
گلبر,,1
گلبرگ,,1
گلبن,,1
گلبو,1,1
گلبوته,,1
گلبهار,,1
گلبيز,,1
گلپاد,,1
گلپونه,,1
گلچهر,,1
گلچهره,,1
گلچين,,1
گلدسته,,1
گلديس,,1
گلرخ,,1
گلرخسار,,1
گلرنگ,,1
گلرو,,1
گلروي,,1
گلريز,,1
گلزاد,,1
گلزار,,1
گلسا,,1
گلسان,,1
گلستان,,1
گلستانه,,1
گلسر,,1
گلسو,,1
گلشا,,1
گلشاه,1,
گلشن,,1
گلشهر,,1
گلشيد,,1
گلعذار,,1
گلفام,,1
گلفشان,,1
گلگله,1,
گلگون,,1
گلنار,,1
گلناز,,1
گلنام,,1
گلندام,,1
گلنواز,,1
گلنوش,,1
گلوريا,,1
گلي,,1
گلي ناز,,1
گليا,,1
گليار,,1
گلين,,1
گندم,,1
گندمك,,1
گوارا,1,
گودرز,1,
گورنگ,1,
گوزل,1,
گوشيار,1,
گوطلا,,1
گولي,,1
گوهر,,1
گوهرافروز,,1
گوهرآرا,,1
گوهربانو,,1
گوهرتاب,,1
گوهرتاج,,1
گوهرتاش,,1
گوهرچهر,,1
گوهردخت,,1
گوهرزاد,,1
گوهرسان,,1
گوهرشاد,,1
گوهرشيد,,1
گوهرفشان,,1
گوهرملك,,1
گوهرناز,,1
گوهرنگار,,1
گوهره,,1
گوهرين,,1
گهار,1,
گهر,,1
گهربانو,,1
گهرچهر,,1
گهردخت,,1
گهرناز,,1
گهرنگار,,1
گيتا,,1
گيتي,,1
گيتي ناز,,1
گيسو,,1
گيسيا,,1
گيل,1,
گيلار,,1
گيلاكو,,1
گيلانا,,1
گيلدا,,1
گيلنار,,1
گيلو,1,
گيلوا,,1
گيو,1,
گيهان,,1
لَچَك,,1
لابان,1,
لاچين,,1
لادبن,,1
لادن,,1
لار,1,1
لارما,1,1
لاريسا,,1
لاله,,1
لاله چهر,,1
لاله دخت,,1
لاله رخ,,1
لاله رخسار,,1
لاله رو,,1
لاله زار,,1
لاله گون,,1
لاله وش,,1
لاميا,,1
لاوان,1,
لاون,,1
لاوين,1,
لايه,,1
لبخند,,1
لبخنده,,1
لبيب,1,
لبينا,,1
لتكا,,1
لسان الدين,1,
لطف الدين,1,
لطف الله,1,
لطفعلي,1,
لطيف,1,
لطيفه,,1
لعبت,,1
لعل,,1
لعيا,,1
لقمان,1,
لميا,,1
لميس,,1
لنا,1,
لنبك,1,
لنيا,,1
لواده,1,
لورا,,1
لهاك,1,
لهراسب,1,
لهراسپ,1,
لؤلؤ,,1
ليا,,1
ليالي,,1
ليان,,1
ليبرا,1,1
ليبه,,1
ليث,1,
ليدا,,1
ليزا,,1
ليسا,,1
ليلا,,1
ليلي,,1
ليليا,1,1
ليليان,,1
ليمو,,1
لينا,,1
ليندا,,1
ليو,,1
ليوه,1,
لئا,,1
مَشيانه,,1
مِهراب,1,
ماتيار,1,
ماتيسا,,1
ماتيكان,1,
ماتينا,,1
ماجان,,1
ماجد,1,
ماجده,,1
ماحوز,1,
ماخ,1,
ماديا,,1
ماديس,1,
ماراسپند,1,
ماراسفند,1,
مارال,,1
مارتا,,1
مارتيك,1,
مارتين,1,
ماردين,1,
مارگاريتا,,1
مارگريت,,1
مارلين,,1
ماروسپند,1,
ماري,,1
ماريا,,1
ماريان,,1
مارينا,,1
ماريه,,1
مازار,1,
مازنه,1,
مازيار,1,
ماسا,,1
ماسيس,1,1
ماشاءالله,1,
ماشگانا,,1
ماكان,1,
ماگنوليا,,1
مالك,1,
مالكه,,1
مامك,,1
مامو,,1
ماميثا,,1
مانا,1,1
ماناسه,1,
ماناي,1,
مانترَه,,1
مانترا,,1
ماندا,1,
ماندان,,1
ماندانا,,1
ماندگار,1,
ماندوي,,1
مانك,,1
مانگ,,1
مانلي,1,1
مانند,,1
مانوش,1,
مانوشا,,1
مانوشاك,,1
مانه,,1
ماني,1,1
مانيا,1,1
مانيان,,1
مانيوك,,1
ماورد,,1
ماونداد,1,
ماه آذر,1,1
ماه آفريد,,1
ماه آفرين,,1
ماه بانو,,1
ماه برزين,1,
ماه بنداد,1,
ماه به,,1
ماه بي بي,,1
ماه پرن,,1
ماه پري,,1
ماه پيكر,,1
ماه تابان,,1
ماه جبين,,1
ماه جهان,,1
ماه چهره,,1
ماه خاتون,,1
ماه خانم,,1
ماه خداي,,1
ماه رخسار,,1
ماه روي,,1
ماه زيور,,1
ماه سيما,,1
ماه شاد,,1
ماه شيد,,1
ماه صنم,,1
ماه طلعت,,1
ماه فرزين,1,
ماه گشسپ,1,
ماه لقا,,1
ماه منظر,,1
ماه منير,,1
ماه مهر,1,
ماه نسا,,1
ماهان,1,
ماهانداد,1,
ماهانه,,1
ماهايا,,1
ماهبد,,1
ماهپاره,,1
ماهتا,,1
ماهتاب,,1
ماهتاج,,1
ماهتيسا,,1
ماهچهر,,1
ماهد,1,
ماهداد,1,
ماهدخت,,1
ماهديس,,1
ماهر,1,
ماهرخ,,1
ماهرو,,1
ماهزاد,,1
ماهك,,1
ماهكان,,1
ماهگل,,1
ماهناز,,1
ماهناك,,1
ماهنوش,,1
ماهني,,1
ماهو,1,
ماهوار,1,1
ماهور,,1
ماهوش,,1
ماهونداد,1,
ماهويه,,1
ماهي,,1
ماهيار,1,
ماهين,,1
مايا,,1
مائده,,1
مأمون,1,
مبارزالدين,1,
مبارك,1,
مباركه,,1
مبين,1,
مبينا,,1
متي,1,
متين,1,
متينه,,1
مجتبي,1,
مجد,1,
مجدالدين,1,
مجدود,1,
مجذوب,,1
مجيد,1,
مجير,1,
مجيرالدين,1,
محب الدين,1,
محبت,,1
محبوب,,1
محبوبه,,1
محترم,,1
محتشم,1,
محدث,1,
محدثه,,1
محراب,1,
محرم,1,
محسن,1,
محسنه,,1
محمد,1,
محمد صالح,1,
محمد كيا,1,
محمد هادي,1,
محمدامين,1,
محمدآئين,1,
محمدپارسا,1,
محمدجواد,1,
محمدحسين,1,
محمدرضا,1,
محمدطاها,1,
محمدعباس,1,
محمدعلي,1,
محمدمتين,1,
محمدمهدي,1,
محمديار,1,
محمدياسين,1,
محمود,1,
محنا,,1
محي الدين,1,
محيا,,1
محيصا,,1
محيط,1,
محيي,1,
مختار,1,
مخمل,,1
مدريك,1,
مديا,,1
مديسه,,1
مدينه,,1
مديوماه,1,
مراد,1,
مرتضي,1,
مرجان,,1
مرجانه,,1
مرجون,,1
مرحان,,1
مرحمت,,1
مرداس,1,
مردافكن,1,
مردان شه,1,
مرداويج,1,
مردآوند,,1
مردو,1,
مرسا,1,
مرسده,,1
مرسل,1,
مرسيا,,1
مرشد,1,
مرصاد,1,
مرصع,,1
مرضيه,,1
مرمر,,1
مرمرين,,1
مروا,,1
مرواريد,,1
مروان,1,
مروانه,,1
مريس,,1
مريم,,1
مزدا,1,
مزدك,1,
مژان,,1
مژده,,1
مژگان,,1
مسباد,1,
مستانه,,1
مستوره,,1
مسرور,1,1
مسعود,1,
مسلم,1,
مسلمه,,1
مسيب,1,
مسيح,1,
مسيحا,1,1
مشتاق,1,
مشرف,1,
مشرف الدين,1,
مشك,,1
مشكات,1,1
مشكان,1,
مشكاه,,1
مشكدانه,,1
مشكناز,,1
مشكنك,,1
مشكين,,1
مشهود,1,
مشهور,1,
مشي,1,
مشيا,1,
مشيت,1,
مشيد,1,
مشير,1,
مشيرالدين,1,
مشيما,,1
مصباح,1,
مصطفي,1,
مصفا,1,
مصلح,1,
مصلح الدين,1,
مصيب,1,
مطهر,1,
مطهره,,1
مطيب,1,
مطيع الله,1,
مظاهر,1,
مظفر,1,
مظفرالدين,1,
مظفرعلي,1,
مظهر,1,
معاد,1,
معتصم,1,
معتضد,1,
معتقد,1,
معتمد,1,
معراج,1,
معزالدين,1,
معصوم,1,1
معصومه,,1
معطي,1,
معظمه,,1
معمر,1,
معيد,1,
معين,1,
معين الدين,1,
مقبل,1,
مقبله,,1
مقتدر,1,
مقداد,1,
مقدسه,,1
مقصد,1,
مقصود,1,
مقصوده,,1
مقيما,1,
مكابيز,1,
مكرمه,,1
مكينا,,1
مكيناس,,1
مكيه,,1
مگابيز,1,
ملاحت,,1
ملك,,1
ملك بانو,,1
ملك تاج,,1
ملك ناز,,1
ملكا,1,
ملكان,1,
ملكه,,1
ملورين,,1
ملوس,,1
ملوك,,1
مليحه,,1
مليسا,,1
مليكا,,1
مليكه,,1
مليله,,1
ملينا,,1
منا,,1
منال,,1
منجوق,,1
منجيك,1,
مندا,1,
مندي,1,
منذر,1,
منشور,1,
منصور,1,
منصوره,,1
منظر,,1
منوچهر,1,
منوره,,1
منوش,1,
منوشان,1,
منوشچهر,1,
منوشفر,1,
منير,,1
منيره,,1
منيژه,,1
مورد,,1
موژان,,1
موسي,1,
موشا,1,
موكا,,1
مولود,,1
مونا,,1
مونجوق,,1
مونس,,1
مونيكا,,1
مويز,1,
مه پاره,,1
مه پيكر,,1
مه جبين,,1
مه زاد,1,1
مه سيما,,1
مه فروز,,1
مه فروغ,,1
مه گل,,1
مه لقا,,1
مه ياس,,1
مها,,1
مهابت,1,
مهام,1,
مهان,1,
مهبا,,1
مهباد,1,
مهبان,,1
مهبد,1,
مهبود,1,
مهتا,,1
مهتاب,,1
مهتاج,,1
مهترا,,1
مهدا,,1
مهداد,1,
مهدخت,,1
مهدي,1,
مهديا,,1
مهديار,1,
مهديس,,1
مهديسا,,1
مهديسه,1,1
مهديه,,1
مهذب الدين,1,
مهر,,1
مهر آريا,,1
مهر آئين,,1
مهر رخسار,,1
مهرا,,1
مهراج,1,
مهراد,1,
مهراز,1,
مهراس,1,
مهراسا,,1
مهراسپند,1,
مهرافروز,,1
مهرافزا,,1
مهرافزون,,1
مهرافشان,,1
مهرام,1,
مهران,1,
مهران ستاد,1,
مهرانا,,1
مهرانديش,,1
مهرانگيز,,1
مهرانه,,1
مهراوه,,1
مهرآذر,,1
مهرآذين,,1
مهرآزاد,1,
مهرآسا,,1
مهرآفريد,,1
مهرآگين,,1
مهرآميز,,1
مهرآور,,1
مهربُرزين,1,
مهربان,1,1
مهربانو,,1
مهربد,1,
مهربنداد,1,
مهرپرور,1,
مهرپوي,1,
مهرپويا,1,
مهرپيكر,1,
مهرتا,,1
مهرتاب,,1
مهرتاش,1,
مهرجو,1,
مهرچهر,,1
مهرچين,,1
مهرخ,,1
مهرداد,1,
مهردار,1,
مهردخت,,1
مهرديس,,1
مهرزاد,1,1
مهرسا,,1
مهرسام,1,
مهرشاد,1,
مهرشيد,,1
مهرك,1,1
مهركيش,,1
مهرگان,1,1
مهرگل,,1
مهرمَس,1,
مهرماه,1,
مهرمنير,,1
مهرناز,,1
مهرنرسه,1,
مهرنسا,,1
مهرنگ,1,1
مهرنگار,,1
مهرنواز,,1
مهرنوش,1,1
مهرنيا,1,
مهرو,,1
مهروز,,1
مهروش,,1
مهروي,,1
مهري,,1
مهرياد,1,
مهريار,1,
مهريز,,1
مهريماه,,1
مهرين,1,1
مهزيار,1,
مهسا,,1
مهسان,,1
مهسانه,,1
مهست,1,
مهستا,,1
مهستي,,1
مهشاد,,1
مهشيد,,1
مهفام,,1
مهكامه,,1
مهكيا,1,1
مهلا,,1
مهنا,,1
مهناز,,1
مهنام,1,
مهند,1,
مهنور,,1
مهنوش,,1
مهنيا,,1
مهوش,,1
مهيا,,1
مهياد,1,
مهيار,1,
مهياره,,1
مهيتا,,1
مهيره,,1
مهيمنه,,1
مهين,,1
مهين دخت,,1
ميترا,,1
ميثاق,1,
ميثم,1,
ميچكا,,1
ميحاد,1,
ميخائيل,1,
ميخك,,1
ميران,1,
ميرانه,,1
ميرتو,,1
ميرو,1,
ميريام,,1
ميرين,1,
ميسا,,1
ميسان,,1
ميشا,1,1
ميشان,1,
ميشانه,,1
ميشكا,,1
ميشواك,1,
ميشه,1,
ميشي,,1
ميعاد,1,
ميكاييل,1,
ميكائيل,1,
ميكسا,1,
ميگل,,1
ميلا,,1
ميلاد,1,
ميلان,1,
ميلانا,,1
ميمنت,,1
مينا,,1
ميناز,,1
مينو,,1
مينوچهر,,1
مينورام,,1
مينورخ,,1
مينوزاد,,1
مينوس,1,
مينوسرشت,,1
مينوش,,1
مينووش,,1
ميهن,,1
ميهن بانو,,1
ميهن تاج,,1
ميهن دخت,,1
ميهن يار,1,
نَستور,1,
ناتاشا,,1
نادر,1,
نادره,,1
نادره گفتار,,1
نادعلي,1,
نادي,,1
ناديا,,1
نادين,1,1
نادينوس,1,
ناديه,,1
ناراين,,1
ناربن,,1
ناردانا,,1
ناردانه,,1
ناردخت,,1
نارديس,,1
نارسيس,,1
نارگل,,1
نارگون,,1
نارملا,,1
نارميلا,,1
نارنج,,1
نارو,,1
نارون,1,1
ناريا,,1
ناريكا,,1
نارين,,1
نارينا,,1
نارينه,,1
ناريه,,1
ناز,,1
نازان,,1
نازانتا,,1
نازآفريد,,1
نازآفرين,,1
نازبانو,,1
نازبو,,1
نازپرور,,1
نازپري,,1
نازجهان,,1
نازخاتون,,1
نازدانه,,1
نازدخت,,1
نازدلبر,,1
نازرخ,,1
نازك,,1
نازگل,,1
نازگوهر,,1
نازگيتي,,1
نازلي,,1
نازمهر,,1
نازنوش,,1
نازنين,,1
نازنين چهر,,1
نازنين زهرا,,1
نازي,,1
نازياب,,1
نازيار,,1
نازيتا,,1
نازيك,,1
نازيلا,,1
نازينه,,1
ناژين,,1
ناشا,1,
ناصح الدين,1,
ناصر,1,
ناصرالدين,1,
ناضر,1,
ناظم,1,
نافه,,1
ناكتا,,1
نامجو,1,
نامدار,1,
نامور,1,
نامي,1,
نانا,,1
نانسي,,1
نانيسا,,1
ناوَرز,1,
ناوه,,1
ناهيد,,1
ناهيرا,1,
نايب,1,
نايريكا,,1
نائله,,1
نائيريكا,,1
نبات,,1
نبرزين,1,
نبوت,1,
نبي,1,
نجات,1,
نجات الله,1,
نجف,1,
نجلا,,1
نجم,,1
نجم الدين,1,
نجمه,,1
نجوا,,1
نجيب,1,
نجيب الدين,1,
نجيبه,,1
نخستين,,1
ندا,,1
نديم,1,
نديمه,,1
نرجس,,1
نرجس,,1
نرجس خاتون,,1
نرداگشسپ,1,
نرسا,,1
نرسي,1,
نرگس,,1
نرمين,,1
نريمان,1,
نزهت,1,1
نسا,,1
نساك,,1
نستار,1,
نستر,,1
نسترن,,1
نستود,1,
نستوه,1,
نستهين,1,
نسرين,,1
نسرين مهر,,1
نسرين نوش,,1
نسيبه,,1
نسيم,,1
نشاط,1,
نشميل,,1
نشواد,1,
نصر,1,
نصرالدين,1,
نصرالله,1,
نصرت,1,1
نصرت الله,1,
نصيبه,,1
نصير,1,
نصيرا,1,
نصيرالدين,1,
نضير,1,
نظاره,,1
نظام,1,
نظام الدين,1,
نظام الملك,1,
نظرعلي,1,
نعمان,1,
نعمت,1,
نعمت الله,1,
نعنا,,1
نعناع,,1
نعيم,1,
نعيم الدين,1,
نعيما,1,
نغمه,,1
نفس,1,1
نفيسا,,1
نفيسه,,1
نقدعلي,1,
نقره,,1
نقي,1,
نكوزاد,,1
نكويار,,1
نكهت,,1
نكيسا,1,1
نگار,,1
نگارا,,1
نگاربسته,,1
نگارشيد,,1
نگاره,,1
نگارين,,1
نگاه,,1
نگين,,1
نگينا,,1
نگينه,,1
نمايان,1,
نوا,1,1
نواآفرين,,1
نواب,1,
نوازش,,1
نوال,,1
نوباوه,,1
نوبخت,1,
نوبر,,1
نوبهار,1,1
نوتاش,1,
نوتريكا,1,
نوح,1,
نوذر,1,
نور,,1
نورا,,1
نورافشان,,1
نورالدين,1,
نورالله,1,
نوران,,1
نوراهان,1,
نورآفرين,,1
نورسته,,1
نوروز,1,
نورهان,1,
نوري,1,1
نورين,,1
نوريه,,1
نوژان,,1
نوش,1,
نوش آذر,1,
نوش آفريد,,1
نوش آگين,,1
نوش لب,,1
نوشا,,1
نوشاب,1,
نوشابه,,1
نوشاد,,1
نوشان,,1
نوشزاد,1,1
نوشناز,,1
نوشه,,1
نوشي,1,
نوشيار,1,
نوشيد,,1
نوشيروان,1,
نوشين,,1
نوشين لب,,1
نوشينه,,1
نوگل,,1
نونا,,1
نونهال,,1
نويان,1,
نويد,1,
نوين,1,
نهاد,1,
نهال,,1
نهام,1,
نهضت,,1
نياتور,1,
نياز,,1
نياسا,1,1
نياسان,1,
نياطوس,1,
نياك,1,
نيالا,,1
نيان,,1
نياوش,1,
نياوند,1,
نيايش,,1
نيتا,,1
نير,,1
نيرمان,1,1
نيروانا,,1
نيره,,1
نيسا,,1
نيسان,1,
نيشا,,1
نيشام,1,1
نيك,1,
نيك اختر,,1
نيك آفريد,,1
نيكدل,1,
نيكنام,1,
نيكي,1,1
نيلا,,1
نيلوفر,,1
نيوزاد,1,
نيوشا,1,1
نيوشه,,1
واژه,,1
والا,1,
واله,,1
وانان,1,
وانتيار,1,
وانوش,,1
وانوشه,,1
وانيار,,1
واهب,1,
وتار,1,
وثوق,1,
وجاسب,1,
وجيهه,,1
وحدت,1,
وحيد,1,
وحيدالدين,1,
وحيده,,1
وژاسپ,1,
وساك,1,
وش,,1
وشان,,1
وشمگير,1,
وشن,,1
وصال,1,1
ولگا,,1
ولي,1,
ولي الله,1,
وليداد,1,
ونداد,1,
ونوس,,1
ونوش,,1
ونوشه,,1
وهاب,1,
وهار,,1
وهامان,1,
وهان,,1
وهب,1,
وهبرز,1,
وهرام,1,
ويان,,1
ويانا,,1
ويدا,,1
ويرا,1,1
ويراب,1,
ويرو,,1
ويسپار,1,
ويسپرد,1,
ويستا,,1
ويستهم,1,
ويسه,1,
ويشتاسب,1,
ويشكا,,1
ويكتور,1,1
ويگن,1,
وينا,,1
هَخامنش,1,
هَژير,1,
هُرمز,1,
هُووي,,1
هابيل,1,
هاتف,1,
هاجر,,1
هادان,1,
هادي,1,
هارون,1,
هاشم,1,
هاله,,1
هامان,1,
هامر,1,
هامرز,1,
هامن,1,
هامون,1,
هامويه,1,
هامي,1,
هامين,1,
هانه,,1
هاني,1,
هانيبال,1,
هانيه,,1
هايده,,1
هدا,,1
هدايت,1,
هدي,,1
هديه,,1
هرمان,1,
هرمزد,1,
هرمس,1,
هستي,,1
هستيار,1,
هلاكو,1,
هلپرين,,1
هلدير,1,
هلكو,1,
هلكوت,1,
هلما,,1
هلموت,1,
هلن,,1
هلنا,,1
هليا,,1
هلينا,,1
هما,,1
هماچهر,,1
همام,1,
همام الدين,1,
هماوند,1,
همايون,1,1
همت,1,
همتا,1,1
همدم,,1
همراز,,1
همساز,,1
همگام,,1
همگون,1,
هنگام,1,
هنگامه,,1
هني,1,
هوبَر,1,
هوتسا,,1
هوتن,1,
هور,1,1
هوراد,1,
هوروَش,,1
هوري,,1
هوشمند,1,
هوشنگ,1,
هومن,1,
هونام,1,
هويدا,1,1
هيبت,1,
هيدي,1,
هيراد,1,
هيلدا,,1
هيما,,1
هيمن,1,
هيمو,,1
هيمه,1,
هينا,,1
هينان,,1
هيوا,1,1
هيوان,,1
يادگار,1,
يارات,,1
يارعلي,1,
يارمحمد,1,
يارنوش,,1
يارور,1,
ياره,1,
يارين,,1
ياس,,1
ياسان,1,
ياسر,1,
ياسمن,,1
ياسمين,,1
ياسين,1,
ياسينا,,1
ياشا,1,
ياشار,1,
ياقوت,1,
يامين,,1
ياور,1,
يحيي,1,
يدالله,1,
يرحا,,1
يزداد,1,
يزدان,1,
يزدان آفريد,1,
يزدگرد,1,
يزديار,1,
يسرا,,1
يسري,,1
يسنا,,1
يسني,,1
يعقوب,1,
يغما,,1
يكتا,1,1
يكيتي,,1
يگانه,,1
يلدا,,1
يلدوز,,1
يمنا,,1
يوتاب,,1
يوزارسيف,1,
يوسف,1,
يوشيج,1,
يولدوز,,1
يونا,1,
يونس,1,1
يهودا,1,
